dessert,dessert
dessert,desserts
jelly,jelly
brownie,brownie
fudge,fudge
cake,cake
cake,cakes
cake,cheesecake
cookie,cookie
cookie,cookies
cake,cupcake
custard,custard
donuts,donuts
donuts,doughnut
gelato,gelato
fruit salad,fruit salad
fruit salad,fruit salads
ice cream,ice cream
ice cream,ice creams
ice cream,icecream
ice cream,ice-cream
ice cream,icecreams
ice cream,ice-creams
ice cream,sundae
kulfi,kulfi
muffin,muffin
pastry,pastries
pastry,pastry
pie,pie
pudding,pudding
sorbet,sorbet
tart,tart
tiramisu,tiramisu
flan,flan
crepe,crepe
yogurt,yogurt
vietnamese dessert,banh
vietnamese dessert,che
vietnamese dessert,rau cau
vietnamese dessert,chuoi chien
vietnamese dessert,sinh to
vietnamese dessert,sua chua
Thai dessert,chaokuoi
Thai dessert,foi thong
Thai dessert,khanom
Thai dessert,kraya sat
Thai dessert,mamuang dong
Thai dessert,ruam mit
Korean dessert,Tteok
Korean dessert,songpyeon
Korean dessert,yakshik
Malay dessert,Ais kacang
Malay dessert,cendol
Malay dessert,dodol
Malay dessert,bubur kacang hijau
Chinese dessert,moon cake
Chinese dessert,sachima
Chinese dessert,shaobing
Chinese dessert,youtiao
Japanese dessert,amanatto
Japanese dessert,dango
Japanese dessert,higashi
Japanese dessert,hoshigaki
Japanese dessert,kakigori
Japanese dessert,manju
Japanese dessert,oshiruko
Japanese dessert,uiro
Japanese dessert,taiyaki
Japanese dessert,anpan
Japanese dessert,melonpan
Italian dessert,Anisette
Italian dessert,Biscotti
Italian dessert,Biscuit Tortoni
Italian dessert,Cannolo siciliano
Italian dessert,Cassata siciliana
Italian dessert,Chiacchiere
Italian dessert,Ciarduna
Italian dessert,Crostata
Italian dessert,Crocetta
Italian dessert,Profiterole
Italian dessert,Zuppa
Italian dessert,Crostoli
Italian dessert,Frutti
Italian dessert,Gelato
Italian dessert,Gubana
Italian dessert,Macedonia
Italian dessert,Panna cotta
Italian dessert,Pandoro
Italian dessert,Panettone
Italian dessert,Panforte
Italian dessert,Pastiera
Italian dessert,Piccoli
Italian dessert,Pignolata
Italian dessert,Pizzelle
Italian dessert,Presnitz
Italian dessert,Semifreddo
Italian dessert,Sfogliatelle
Italian dessert,Torta caprese
Italian dessert,Strucchi
Italian dessert,strudel
Italian dessert,struffoli
Mexican dessert,bionico
Mexican dessert,cajeta
Mexican dessert,capirotada
Mexican dessert,churro
Mexican dessert,coyota
Mexican dessert,empanada
Mexican dessert,jarrito
Mexican dessert,obleas
Mexican dessert,platano
Philippine dessert,Apas
Philippine dessert,Barquillos
Philippine dessert,Barquiron
Philippine dessert,Belekoy
Philippine dessert,Bibingka
Philippine dessert,Binigit
Philippine dessert,Biko
Philippine dessert,Bukayo
Philippine dessert,Camote
Philippine dessert,Dodol
Philippine dessert,Hopia
Philippine dessert,Kalamay
Philippine dessert,Kutsinta
Philippine dessert,Latik
Philippine dessert,Palitaw
Philippine dessert,Taho
Philippine dessert,Turron
Indonesian dessert,Angsle
Indonesian dessert,Bakpia pathok
Indonesian dessert,Brem
Indonesian dessert,Dodol
Indonesian dessert,Getuk
Indonesian dessert,Klepon
Indonesian dessert,Kue putu
Indonesian dessert,Lupis
Indonesian dessert,Mochi
Argentinian dessert,Alfajores
Argentinian dessert,Ambrosia
Argentinian dessert,Dulce de leche
Brazilian dessert,Beijinho
Brazilian dessert,Bijajica
Brazilian dessert,Biriba
Brazilian dessert,Biroro
Brazilian dessert,Bombocado
Brazilian dessert,Brigadeiro
Brazilian dessert,Bruaca
Brazilian dessert,Cacuanga
Brazilian dessert,Canjica
Brazilian dessert,cavaca
Brazilian dessert,chuvisco
Brazilian dessert,cocada
Brazilian dessert,curau
Brazilian dessert,cupulate
Brazilian dessert,cartola
Brazilian dessert,furundum
Brazilian dessert,Goiabada
Brazilian dessert,Maria-mole
Brazilian dessert,Pacoca
Brazilian dessert,Quindim
Brazilian dessert,tortei
Brazilian dessert,Ximango
Brazilian dessert,Umbuzada
Chilian dessert,Empanadas
Chilian dessert,kuchen
Chilian dessert,sopaipillas
Chilian dessert,Poe
Colombian dessert,Arequipe
Colombian dessert,cocadas
Colombian dessert,crepe
Colombian dessert,enyucado
Colombian dessert,Helado
Colombian dessert,Mazamorra
Colombian dessert,Melado
Colombian dessert,Merenguitos
Colombian dessert,Milhoja
Colombian dessert,Natilla
Colombian dessert,Oblea
Peruvian dessert,Antecoco
Peruvian dessert,Antepapaya
Peruvian dessert,Champanas
Peruvian dessert,Cocadas
Peruvian dessert,Leche Asada
Peruvian dessert,Masapane
Peruvian dessert,Picarone
Peruvian dessert,Prestino
Peruvian dessert,Sanguito
Peruvian dessert,Voladore
Peruvian dessert,Picorone
Moroccan dessert,Baklava
Moroccan dessert,Faqqas
Moroccan dessert,Ghoriba
Moroccan dessert,Keneffa
Moroccan dessert,Chebakia
Moroccan dessert,Seffa
Moroccan dessert,Sellu
Moroccan dessert,Sfenj
Ukrainian dessert,Kutia
Ukrainian dessert,Pampushky
Ukrainian dessert,Syrnyky
Ukrainian dessert,Torte
Ukrainian dessert,Varrenya
Ukrainian dessert,Zhele
Polist dessert,makowiec
Polist dessert,paczek
Polist dessert,Pierniki
Polist dessert,sernik
Polist dessert,mazurek
Polist dessert,chalka
Polist dessert,krowki
Polist dessert,kremowka
Polist dessert,kisiel
Polist dessert,budyn
Polist dessert,faworki
Polist dessert,miodek
Polist dessert,wedlowski
Polist dessert,pawelek
Indian dessert,Petha
Indian dessert,Balushahi
Indian dessert,Halwa
Indian dessert,Halva
Indian dessert,Rasgulla
Indian dessert,Ras gulla
Indian dessert,gulab jamun
Indian dessert,gulabjamun
Indian dessert,jalebi
Indian dessert,imarti
Indian dessert,kalakand
Indian dessert,kheer
Indian dessert,kulfi
Indian dessert,ladoo
Indian dessert,ladu
Indian dessert,laddu
Indian dessert,peda
Indian dessert,barfi
Indian dessert,burfi
Indian dessert,rasmalai
Indian dessert,ras malai
Indian dessert,singori
Indian dessert,bonde
Indian dessert,bundi
Indian dessert,boondi
Indian dessert,cham cham
Indian dessert,jal bhora
Indian dessert,kheersagar
Indian dessert,komolabhog
Indian dessert,ledikeni
Indian dessert,malpua
Indian dessert,malapua
Indian dessert,Pantua
Indian dessert,Pithe
Indian dessert,Rabri
Indian dessert,Rajbhog
Indian dessert,sandesh
Indian dessert,adhirasam
Indian dessert,ariselu
Indian dessert,boorelu
Indian dessert,pedha
Indian dessert,mysore pak
Indian dessert,sheera
Indian dessert,garelu
Indian dessert,halbai
Indian dessert,Peni
Indian dessert,laddoo
Indian dessert,Anarsa
Indian dessert,srikhand
Indian dessert,shrikhand
Indian dessert,basundi
Indian dessert,modak
Indian dessert,kaju katli
Indian dessert,amras
Indian dessert,aamras
Indian dessert,aam ras
Indian dessert,ghari
Indian dessert,karanji
Indian dessert,kharwas
