Unique-Menu,Unique-Menu-Translation,Match
Arma tu roll vegetariano,Build your roll vegetarian,59
Sándwich Livianos,lightweight sandwich,76
Pizzas gourmet,gourmet pizzas,100
Momoka special rolls,Momoka special rolls,68
Rolls Premium,premium rolls,96
Otras Envolturas,other wrappers,78
Avocado,avocado,40
Líquido,net,100
Rolls Tempura y Apanados (8 Trozos y Calientes),tempura rolls and breaded (8 wedges and hot),82
Sandwiches y vienesas,Sandwiches and Viennese,97
Rolls Envueltos en Rainbow,Wrapped in Rainbow Rolls,73
Rolls Makimono Cubierto en Salmón,makimono rolls covered in salmon,93
Rolls Mixtos,mixed rolls,96
CHOICE Envuelto,wrapped choice,66
Roll Semillas,Seed Roll,86
Menú para peques,Menu for kids,70
Tempura y Panko Rolls,and panko tempura rolls,56
Exotic Rolls,exotic rolls,35
Menú Económico,Economic Overview,68
Hosomaki Envuelto en Nori,hosomaki wrapped in nori,100
Geishas,geishas,100
California Rolls,California Rolls,96
Fruta Rolls,fruit rolls,44
Para Continuar,to continue,100
Para los Que No Comen Sushi,for those who do not eat sushi,91
9 cortes (Cubierto de salmón fresco),9 courts (covered in fresh salmon),85
Tradiciones peruanas,Peruvian traditions,95
Línea Normal,normal line,100
Nuggets de Pollo,chicken nuggets,100
Parrillada Menú,Grill Menu,61
Hamburguesas Caseras,homemade burgers,100
Promociones Lemon,lemon promotions,78
Ensaladas o vegetarianos,salads or vegetarian,93
Appetizer fríos,cold appetizer,70
Sushi Envuelto en Papel Arroz,sushi rice wrapped in paper,75
Naturista,naturist,100
Clásicos,Classics,100
Ensaladas Ruby,salads ruby,89
Rolls en Sésamo,Rolls in Sesame,93
Rolls y Platos,Rolls and Dishes,96
Aves,poultry,44
Envuelto en Pulpo,wrapped in octopus,100
Bronto Lomitos,Bronto Lomitos,100
Ensalada surtida,stocked salad,100
Platos al vapor,steamed dishes,100
Roll Vegetarianos ( Sésamo- ciboulette),Roll Vegetarians (Sesamo chives),64
Quiches,quiches,100
Shirasi,shirasi,100
Pollo Furay,Chicken Furay,100
Hand roll,hand roll,32
Completos,Full,94
Sake Roll's,Roll's Sake,78
Apetizzer,apetizzer,100
Hosomakis Rolls envueltos en Nori,hosomakis rolls wrapped in nori,95
Futomakis rolls,futomakis rolls,96
Sugerencias Pop,pop suggestions,100
Promociones Individuales,individual promotions,100
Rolls Calientes Tempurizados (8 bocados),Hot Rolls Tempurizados (8 snacks),82
Un poco más,some more,100
Platos Árabes,Arab dishes,92
Ensaladas y sabores del mundo,salads and flavors of the world,100
Bebidas en Lata,canned drinks,87
Especialidades del Rincón Gourmet,gourmet specialties corner,68
Degustaciones sugeridas por el chef,tastings suggested by the chef,97
Carnes y pescados grille,meat and fish grille,88
Menú Diario,Daily Menu,91
Platos Fríos (Gohan),cold dishes (gohan),100
"Brochetas, Sopas y otros",skewers soups and other,72
Uramaki furay,uramaki Furay,92
Uramaki Spicy,uramaki spicy,78
Fusión Chino Japonés,Chinese Japanese fusion,59
"Rolls Envueltos en Palta, Masago, Ciboulette o Queso",Rolls Wrapped in Palta Masago Ciboulette or Cheese,95
Sándwiches fríos,cold sandwiches,57
Menu,menu,66
Special Rolls 2 Sabor,special rolls two flavor,56
¡Nuestra Carta Premium!,Our premium letter!,63
Empanadas fritas y de horno,fried pies and baked,67
Special Lemon rolls,special lemon rolls,47
Especialidades en Pollo,Chicken specialties,91
Gohans,Gohans,100
Varios,several,100
Avocado rolls - 30% off,avocado rolls - 30% off,43
Rolls Envueltos en Crispy (Tempura Frío),Wrapped in Crispy Rolls (Tempura Cool),74
Promoción del día,Deal of the Day,100
Roll envuelto en Masago,roll wrapped in masago,100
Furay Rolls,Furay Rolls,95
Special Sushi Fresh,Special Sushi Fresh,66
Rolls tempura,Rolls tempura,96
As Grande,large as,60
Jugos Naturales y Bebidas,natural juices and drinks,100
Rolls apanados,rolls breaded,81
Classic rolls california,Classic rolls california,86
Avocado y Sake Rolls,Avocado and Sake Rolls,76
Sándwich Light,light sandwich,70
Pan Artesanal,artisan bread,88
Colombia,Colombia,100
Chacarero,chacarero,100
Combinaciones principiante,Beginner combinations,89
¡Arma tu pizza!,Build your pizza!,62
Philadelphia Rolls,Philadelphia Rolls,80
Sushi Noche,Sushi Night,100
Zona Light Ensaladas,Area Light Salads,85
Fondos imperdibles,Captive Funds,57
Sé un Tutto chef,Everything itself a chef,66
Promoción Menú Premium,Premium Menu Promotion,95
Del Mar,Del Mar,100
Cocina Caliente,hot kitchen,100
Gastronomía peruana adicionales,Peruvian cuisine additional,74
Antipasto/para picar,appetizer / para picar,95
Envueltos en panko,wrapped in panko,97
Pizzas Clásicas,classic pizzas,100
Cena Sólo para Dos,dinner just for two,100
Rolls mixtos,mixed rolls,96
pizza,pizza,101
Envueltos en Salmón o Arcoiris de Pescado,wrapped in salmon or rainbow fish,71
Combos,combos,100
Porciones,portions,100
Sakes Rolls,sakes rolls,95
Vienesas y hot dogs en pan de mesa,Viennese bread and hot dogs on board,36
Fondos con vacuno,Funds with beef,78
Especial palta,Special avocado,51
Bebidas Calientes,hot drinks,100
Pescados y Mariscos,Fish and Seafood,100
Entradas o Appetizer,inputs or appetizer,51
Akitu Sándwich Gourmet,gourmet sandwich akitu,100
Tempura,tempura,100
Extra Premium,Extra premium,28
Hamburguesa,burger,100
Le Bibite,The Drinks,52
Hot Dogs,Hot Dogs,100
Chapsui,chapsui,100
Comida Thai,thai food,71
Pastas,folders,100
Menú Burreros,burreros menu,100
Ensaladas Simples,Simple salads,94
Camarones Témpura,tempura shrimp,91
Temaki – Hand Roll,temaki - hand roll,63
Palitos de Ajo,garlic sticks,100
Avocado rolls,avocado rolls,32
Sopas,soups,100
Rolls Envueltos en Palta,Rolls Wrapped in Palta,91
Boquitas para dos,Boquitas to the,93
Ceviches fuzion,ceviches fuzion,100
Carne de vacuno,beef,66
California Rolls (8 Trozos),California Rolls (8 Pieces),58
Sanguches de la casa,Sandwiches house,68
Rolls especialidades,specialty rolls,90
Pastelería y Postres,cakes and desserts,87
Ases,aces,100
Sándwich vegetariano,vegetarian sandwich,100
Sándwiches premium,premium sandwiches,59
Bebida mini,Drink mini,95
Katan Especial Rolls,katan special rolls,65
Roll de la Casa,roll of the house,96
Menú hora de almuerzo,lunch menu,87
Snow Rolls,snow rolls,40
Entradas y Ensaladas,Entries and salads,95
Pato,duck,100
The eats salado,the salty eats,51
Picoteo caliente,Hot snacks,61
Gohan frío,gohan cold,100
I. Hand rolls,i. hand rolls,45
"As, Hot Dog y Kabbab",As Hot Dog and Kabbab,85
Razz mixto,mixed razz,90
Entradas y piqueos fríos,tickets and cold snacks,83
Nigiri-Sashimi,nigiri-sashimi,100
Arroz,rice,100
Pizzas 2 x1,Pizzas 2 x1,100
Promoción Sushi Box,Sushi Box Promotion,46
Piqueos Calientes,hot appetizers,75
Bokatas,bokatas,100
Rollos envueltos en Palta,avocado wrapped rolls,57
Platos y Ensaladas,dishes and salads,100
Roll Envuelto en Salmón,roll wrapped in salmon,100
Tempura y Furay,Tempura and Furay,100
Sábados,Saturdays,100
Medias Pizzas 40 cm,average pizzas 40 cm,55
Del mar,sea,60
Rainbow,rainbow,25
Sake rolls,sake rolls,33
Pizzas a Elección,Pizzas to Election,92
Para beber,to drink,100
Wok,wok,100
Razz salmón,razz salmon,58
Sugeridos,Suggested,94
Jugos Naturales,natural juices,100
Furay,Furay,100
Ingredientes extra,Toppings,80
Pizzas a la piedra,pizza stone,61
Ceviches Peruanos,Peruvian ceviches,94
Gastronomía peruana chicharrones,Peruvian cuisine chicharrones,36
Promo,promo,66
Entradas de Italia,italia entries,90
Platos Vegetarianos,vegetarian dishes,100
Rolls Estilo California,california rolls style,42
"Mi Sushi Celebración ""E""","my sushi celebration ""e""",100
Fontana para 5 o 6 Personas,fontana for 5 or 6 people,100
Sandwiches Gourmet,gourmet sandwiches,91
Platos típicos,Typical dishes,100
Rolls Especial Salmón,Special Rolls Salmon,89
Masago,masago,100
Las Vienesas,The Viennese,75
Burgers,burgers,63
Paella,paella,100
Tetería,Tetería,100
Tempura y furai,tempura and furai,100
Envueltos en Palta,Wrapped in Palta,97
Pizza Renato's,renato's pizza,75
Envueltos en Camarón,shrimp wrapped,42
Sashimi y nigiri,sashimi and nigiri,100
Rolls calientes (8 piezas),Hot Rolls (8 pieces),94
Promoción Gohan,Gohan Promotion,100
Chaibu,chaibu,100
Platos a pedidos,Dishes to order,60
Bentobox,bentobox,100
Menú Sushi Sabor,Sushi Menu Taste,76
Bushido Hot Rolls Tempurizados,Bushido Hot Rolls Tempurizados,80
Top roll (8 piezas),top roll (8 pieces),65
Especial Rolls ***,Special rolls ***,63
Platos calientes y fríos,hot and cold dishes,64
Bebidas gaseosas,Drinks,60
Ensaladas fuzion,salads fuzion,100
Hosomakis,Hosomakis,100
Califronia rolls,California rolls,50
Special Mixtos,mixed special,85
Hosomaki y Futomaki,hosomaki and futomaki,100
Pizzas en Promoción,Promotional pizzas,70
Rolls premium,premium rolls,96
Light Rolls,light rolls,41
Carne de ave,poultry,53
Tropical Rolls,tropical rolls,58
Platos Take,dishes take,78
Locuras del chef,follies chef,56
Prietaburger,prietaburger,100
Furay Mozzarella,Furay Mozzarella,100
Sushi Party,Sushi Party,100
Hot Rolls Panko,Hot Rolls Panko,62
Green rolls,green rolls,41
Las Aves,The Birds,40
Classic rolls envueltos en palta,Classic rolls wrapped in avocado,63
Paellas,paellas,100
Sandwich Clubs,Sandwich Clubs,55
Creams Rolls,Creams Rolls,88
Rolls envueltos en palta,rolls wrapped in avocado,80
Para picar,To chop,76
Almuerzos Vegetarianos,vegetarian lunches,100
Tory Furay Rolls,Tory Furay Rolls,96
Especialidad de la Casa,specialty of the house,100
Platos Españoles,Spanish dishes,94
Sashimis,sashimis,100
Rolls Envueltos en Queso,Wrapped in Cheese Rolls,62
Makicheese Rolls,makicheese rolls,60
Selección del Sensei,Selecting the Sensei,100
Aromas del Perú,Aromas of Peru,100
Nuevos Platos,new dishes,100
Bushido Panko Rolls,Bushido Panko Rolls,97
Temaki / Hand Roll,temaki / hand roll,66
Pollos a la Brasa,grilled chicken,72
Pizzas caseras a la piedra,homemade pizzas,70
Hosomaki,hosomaki,100
Pisco,pisco,100
Makimono Nori,makimono nori,100
Helados,ice cream,92
Hot rolls panco,hot rolls panco,54
Otras opciones,other options,100
Futomaki Rolls,futomaki rolls,55
Camarones Furay,Shrimp Furay,82
Pulpos,Octopuses,75
Platos Fríos,cold dishes,100
Promo 2x1 Todos los días,Promo 2x1 Everyday,60
Mariscos y pescados,Seafood and Fish,94
Bocaditos para Comenzar,appetizers to start,80
Nigiri Gunkan,nigiri gunkan,100
Platos Calientes,hot dishes,100
As y vienesas,ace and Viennese,96
Toro Toro Sándwich Gourmet,toro toro gourmet sandwich,92
De fondo,background,76
"Aguas, jugos y bebidas",Water juices and beverages,86
Kaizu te Sugiere,Kaizu suggests you,84
9 cortes (Envueltos en queso crema),9 cuts (Wrapped in cream cheese),95
Envueltos en masa tempura,Tempura wrapped in dough,61
Paninis,paninis,100
Empanadas de Cóctel Masa Integral,Mass cocktail patties Integral,91
Vegetarianos Rolls,vegetarian rolls,66
Sakes,sakes,100
Fajitas,fajitas,100
Arma Tu Roll,build your roll,53
Roll´s del Chef,Chef roll's,73
Panko rolls,panko rolls,43
Promocion Maki Sushi,promotion maki sushi,92
MexPromos,mexpromos,100
Pulpo Rolls,Octopus Rolls,95
Bebidas y acompañamientos,drinks and accompaniments,100
Platos rápidos,fast food,55
Gredas,Gredas,100
Hosomakis rolls tradicional,Hosomakis traditional rolls,94
Special's Rolls,special's rolls,45
Nigiris Frescos,Fresh nigiris,71
Pizzas Tradicionales,traditional pizzas,100
Cerveza,beer,100
Avocream,avocream,100
Sake Salmón,Sake Salmon,100
Comida china,Chinese Food,100
Menú de niños,Kids menu,93
Platos de Fondo,main dishes,48
Hot Roll,Hot Roll,100
Pizza Now,Pizza Now,70
Bronto Hamburguesas Caseras,bronto homemade burgers,100
Premium,premium,50
Special Rolls Envueltos en Palta,Special Rolls Wrapped in Palta,76
Pizzas Especiales,Specialty pizzas,94
Menú Niños,Children menu,70
Agregados extra de Fajitas,Extra aggregates Fajitas,93
Special Cheese Roll,special cheese roll,33
Arma a tu gusto,Gun to your liking,100
Envuelto en queso crema,Wrapped in cream cheese,93
Sushi Moriawase,Sushi Moriawase,100
Rolls Acevichados,rolls acevichados,97
Futomaki & Futomaki Furay Rolls,Furay Futomaki Futomaki & Rolls,67
Lasagnas,lasagnas,75
Envueltos en Queso Crema con Merquen o Ciboulette,wrapped in cream cheese with chives or merquen,70
Combinaciones*,combinations *,96
Pitas,pitas,100
Rolls Especial Take,take special rolls,71
Aperitivos calientes,hot appetizers,100
Toppings,Toppings,30
Frutales,fruit,76
Roll Calientes,hot roll,86
Combos Club,Combos Club,90
Chicken hot rolls,hot chicken rolls,23
Temaki Sushi,temaki sushi,100
Especialidades en Cordero,lamb specialties,96
Shawarma especial,Shawarma special,100
Especialidad en pollo,Specializing in chicken,86
Combinaciones 15% OFF,combinations 15% off,70
Yakisoba,yakisoba,100
Entradas o Appetizers,inputs or appetizers,80
Ramen Sopa,Ramen Soup,90
Tablas Pequeñas,small tables,77
Entradas Árabes,Arab Tickets,93
Papas Fritas Familiares,Fried potatoes Family,80
Olímpicos,Olympic,94
Tablas Medianas,Tables Medium,81
Appetizers calientes,Hot Appetizers,80
"Rolls envueltos en palta, queso crema o salmón",rolls wrapped in avocado cream cheese or salmon,80
Cervezas Nacionales,domestic beers,100
Tablas Mochi Mochi,mochi mochi tables,100
Bronto Churrascos,bronto churrascos,58
Lunes,Monday,100
Maki Roll,Maki Roll,61
Sugerencias principiantes,Beginners suggestions,87
Choice,choice,26
Nigiri - 30% off,nigiri - 30% off,68
Ensaladas Hidropónicas,hydroponic salad,95
Vegetarianos,Vegetarians,85
California Club Rolls,California Club Rolls,65
Rolls en Queso Crema,cream cheese rolls,88
Pizzas Premium,premium pizzas,100
10 cortes,10 cuts,101
Sushi Nikkei,Sushi Nikkei,100
Almuerzo,lunch,100
Sugerencias clásicas,Classic suggestions,87
Gnocchis,gnocchis,100
Rolls Envueltos en Palta o Salmón,Rolls Wrapped in avocado or salmon,74
Combinaciones de Sushi,combinations sushi,100
Vegetarianos Roll,roll vegetarian,66
Sándwiches,sandwiches,100
Angus Premium Cuts,angus premium cuts,63
Furai Rolls,Furai Rolls,95
Empanadas al Horno,baked pies,100
Delicias Tempurizadas,tempurizadas delights,57
Sake Roll,roll sake,63
Rolls envueltos en salmón (8 piezas),rolls wrapped in salmon (8 pieces),98
Agregados Para Sándwich,sandwich aggregates,88
Especialidades del Mundo,Specialties World,82
Pan de Ajo,garlic bread,100
Special Roll,special roll,53
Rincón Tradicional,Traditional corner,73
Papas,potato,54
Bebidas y licores,beverages and liquors,100
Urbano Premium,Urban Premium,88
Porciones Individuales,Individual servings,95
Nigiris,nigiris,100
Gastronomía peruana platos de fondo,Peruvian cuisine entrees,41
Ensaladas para que no tengas que pensar,salads to not have to think,78
Sandwiches Vegetarianos,vegetarian sandwiches,89
Especialidades Gourmand,gourmand specialties,100
Cortes finos de pescado,Fish steaks,68
Cenas Sólo pare Dos,dinner only stop two,71
¡Sólo por Hoy!,Just for today!,86
Salsas de Mister Sushi,Sauces Mister Sushi,100
Shumai,shumai,100
"Bebidas, Cervezas y Aperitivos",drink beers and snacks,89
Almuerzo viernes,Lunch Friday,93
Risotto,risotto,100
Carne de Ave,poultry,53
Chancheros,chancheros,100
Uramaki Oishi,Uramaki Oishi,100
Gyosas,gyosas,100
Sopas y Brochetas,soups and skewers,68
Frica porteña,porteña Africa,53
Hot Rolls Tempura,Hot Rolls Tempura,66
Sándwich al Estilo 1213,Sandwich the Style 1213,83
Tori Rolls,Tori Rolls,95
Diente de Dragón,dragon tooth,100
Ebi Tempura,Ebi Tempura,100
Hosomakis (8 cortes),Hosomakis (8 slices),79
Rolls vegetarianos,vegetarian rolls,94
Clásicos de Jarana,Classic Jarana,88
Sushi,sushi,100
Exquisitos Ceviches al Estilo Peruano Japonés,exquisite Japanese-Peruvian-style ceviche,75
Cocina Japonesa,Japanese cuisine,93
Papel de arroz,rice paper,100
Platos principales,Main Dishes,94
Chorillanas & Papas,Chorillanas & Papas,100
Las Frescas,fresh,58
Rolls Makimono Cubierto en Palta,Makimono Rolls Covered in Palta,80
Insalate,salads,100
Panqueques,pancakes,100
Insalata,salad,100
Gunkan,gunkan,100
Promociones a Domicilio,Promotions at Home,56
"Pizza, Pizza y Más Pizza",Pizza Pizza Pizza and More,70
Rolls tempura y panko,Rolls tempura and panko,100
Promociones para compartir,promotions to share,100
Rolls en palta,Rolls in avocado,70
Hosomaki (8 Trozos),hosomaki (8 pieces),78
Envuelto en palta,Wrapped in avocado,75
Dolci,confectionery,25
Ceville rolls,Ceville rolls,29
Rolls envueltos en Salmón,Rolls wrapped in salmon,94
Sándwich del Barrio,Sandwich Neighborhood,80
Ensaladas clásicas,classic salads,100
Pizza a la Piedra,Pizza a la Piedra,100
Wraps Sugerencias del Chef,wraps chef's suggestions,76
Suprema de Pollo,chicken supreme,100
Chirachi,chirachi,100
Para dos personas,For two people,100
Platos frios,cold dishes,88
Churrascos y lomitos,barbecues y lomitos,90
Promos- Promociones,promos- promotions,57
Especialidades del mar,seafood specialties,89
Tempura rolls,Tempura rolls,51
Segundos,Seconds,100
Nuestras Creaciones,our creations,100
Daburumaki,daburumaki,100
De la Casa,In the House,80
Hosomaki Grande,great hosomaki,53
Sándwiches/panini italiano,sandwich / panini Italian,92
Pollitos a la BBQ,chicks to the bbq,70
Postres Familiar,familiar desserts,94
Snacks,Snacks,100
Cold drinks,cold drinks,32
"Los Amig@s, Comparten",The Friends s share,63
Medialunas,medialunas,100
Postres,desserts,100
Pastelería,pastry shop,100
Armala a tu gusto,armala to your liking,100
Slim Rolls,slim rolls,40
Tempuras y Apanados Rolls,Breaded tempura and Rolls,65
Perros Calientes,hot dogs,100
As Chico,As Chico,66
Comida Árabe,Arabic Food,92
Promociones de invierno,Winter promotions,95
Cheesecake,cheesecake,25
CHOICES bebidas,CHOICES drinks,72
Rolls de la Casa,rolls of the house,96
California Especiales,Special California,87
Cóctel por mayor,Wholesale cocktail,70
White Rolls,white rolls,40
Niguri,niguri,100
Empanaditas orientales,Oriental dumplings,22
Cafetería Funcional,functional cafeteria,100
Roll del chef,Roll Chef,69
Menú Sushi Rooster,Sushi Menu Rooster,72
Hako Sushi Rolls,Hako Sushi Rolls,96
Entradas Frías y Calientes,Cold and Hot Tickets,92
Promociones de Kimura,kimura promotions,92
Focaccine,scones,100
Otras alternativas,alternatives,80
Hoso tempura,hoso tempura,58
Specialita della casa,specialties of the house,93
Menú de almuerzo,lunch menu,100
Envueltos en Queso Crema,cream cheese wrapped in,46
California Especial,california special,100
Uramaki (10 unidades),uramaki (10 items),68
Envueltos en palta,Wrapped in avocado,73
Platos japoneses,Japanese dishes,100
Verduras,vegetables,100
Champagne,champagne,70
Sake roll,roll sake,63
Combinaciones Mashido Sushi,Combinations Mashido Sushi,100
Envueltos en Jengibre,Wrapped in Ginger,92
Vienesa Grande,Viennese largest,78
Cremas y Sopas,creams and soups,100
Piqueos,piqueos,100
Pescados fritos al plato,Fish fried pigeon,77
Chivito de pollo,chivito chicken,89
Churrasco,barbecue,100
Menú de la Semana,Menu of the Week,100
Roll envuelto en Sésamo,Roll wrapped in Sesame,80
Sándwich de Ave,Sandwich Ave,78
Especialidades de la Casa,House Specialties,100
Espumantes,sparkling,94
Fajitas Tex Mex,tex mex fajitas,46
Hay jugos naturales y otras bebidas,there are natural juices and other beverages,94
Tempurizados Especiales,Special tempurizados,95
Bushido Rolls Salmón,Bushido Salmon Rolls,56
Bebidas,beverages,100
Omelettes & Skillets,omelettes & skillets,35
Promo Lunes,Promo Monday,100
Bushido Salmón,Bushido Salmon,100
Ceviches y Sashimi,Ceviches and Sashimi,100
Menú Familiar,family menu,100
Comida Internacional,International food,85
Para el Aperitivo,for aperitif,100
Pizzas Gourmet,gourmet pizzas,100
Tostadas,Toasts,100
Nikkey Rolls,Nikkei Rolls,91
Al plato,The dish,87
Tragos Importados,imported drinks,68
Futo Maki (6 unidades),Futo Maki (6 units),100
Classic rolls tempurizados y apanados,Classic rolls and breaded tempurizados,69
Salsa & Hot Sauces,Salsa & Hot Sauces,100
Envuelto en Tempura,wrapped in tempura,100
Special Hot,special hot,64
Agregados Extra,Extra aggregates,61
Bruschettas y pan,Bruschettas and bread,100
California Rolls con Queso Crema,California Rolls with Cream Cheese,93
Too Much Rolls,Too Much Rolls,55
Camarón furay,Furay shrimp,41
Dulce Acompañamiento,Sweet Accompaniment,100
Fontanas,fountains,53
Ingredientes Extras,Ingredients Extras,100
Sushi (Piqueos),sushi (snacks),72
Postres (envuelto en trufa de chocolate),Desserts (wrapped in chocolate truffle),100
Menú Treasure Sushi,treasure sushi menu,63
Promo - Pizzas 2 x1,promo - pizzas 2 x1,100
Sándwich en Lomo de Cerdo,pork tenderloin sandwich,53
Hanamaki,Hanamaki,100
Hotto Rolls,Hotto Rolls,95
Cigarros,cigarettes,100
Telefritos,telefritos,100
Escalopas,scallops,37
Promoción SÓLO Viernes 8 y Sábado 9,Promotion ONLY Friday 8 and Saturday 9,97
Toro Toro Vienesas,Toro Toro Viennese,91
Cuarto caliente,Warm room,62
Promoción 40% off,Promotion 40% off,71
Destilados,Distillates,100
Hot rolls - 20% off,hot rolls - 20% off,44
Menús,menus,100
Completo italiano,Complete Italian,94
Almuerzo lunes,Lunch Monday,92
Jugos,juices,100
Temakis,temakis,100
Sashimi y Niguri,sashimi and niguri,100
Complementos,supplements,78
Rollos Premium,premium rolls,100
Combinaciones,combinations,100
H. Futomaki rolls,h. futomaki rolls,62
Pastas Secas,dried pastes,100
Rolls Fritos y/o Calientes,Rolls Fried and / or Calientes,85
Landwich,landwich,100
Hamburguesa casera,homemade burger,100
Carpacho,carpacho,100
Roll envuelto en Salmón,roll wrapped in salmon,100
Yamato Rolls,Yamato Rolls,96
"Donuts, Muchkins y Muffins",Muchkins Donuts and Muffins,72
Rolls envueltos de Salmón,Wrapped Salmon Rolls,66
Pizzas Clasicas,classic pizzas,90
Ensaladas porteñas,salads porteñas,100
Combinaciones experto,expert combinations,91
Palta,avocado,30
Avocado Roll's,Avocado Roll's,92
Pizzas 2x1,Pizzas 2x1,100
Entre Amigos y Familia,Among Friends and Family,95
Salsas Picantes,Hot Sauces,100
Ensaladas preelaboradas,salads prewritten,69
Lomito,lomito,100
Hot rolls tempura,hot tempura rolls,59
Postres individuales,individual desserts,100
Nigiri Sushi,nigiri sushi,100
Platos Thai,thai dishes,68
Sandwich a tu Gusto,Sandwich your Gusto,94
Hosomaki (6 Unidades),hosomaki (6 units),100
Temaki-Hosomaki,temaki-hosomaki,100
Menú Take,Take Menu,50
Tablas para 2 Personas,tables for 2 people,83
Rolls de la casa - 20% off,rolls of the house - 20% off,77
"California Envueltos en Sésamo, masago o ciboulette",california masago wrapped in sesame or chives,74
Snack,snack,14
Ensaladas,Salads,100
Masas Rellenas,Stuffed masses,92
Platos de fondos,funds dishes,100
"Churrascos, lomito, hamburguesas",barbecue hamburgers lomito,56
Bebidas y jugos,drinks and juices,86
Hot Rolls apanados en Panko,Hot Rolls breaded in Panko,71
Familiares,family,82
Chorrillanas,chorrillanas,100
G. Hosomaki rolls,G. Hosomaki rolls,62
Ceviches y Fríos,ceviches and cold,96
Tempuras y apanados,tempura and breaded,89
Rolls Calientes y Otras Delicias,hot rolls and other delights,95
Entradas de Mariscos,Tickets Seafood,91
Ensaladas individuales,individual salads,100
Menú Almuerzo,Lunch Menu,33
Platos de arroz tipo Gohan,gohan rice type dishes,80
Salmón Rolls,salmon rolls,43
Especialidades de carne,meat specialties,100
Toriniku,toriniku,100
De Mañana,tomorrow,82
Chicken Rolls,chicken rolls,35
Roll especiales,Special Roll,82
Ke Banquetazo,ke banquetazo,100
Chaumín,Chaumin,80
Envuelto en Salmón,wrapped in salmon,100
Chirasi,chirasi,100
Envuelto en nori,wrapped in nori,100
Platos,dishes,100
Sándwiches Clásicos,Classic sandwiches,95
Pollo al Wok,Chicken wok,41
Rolls Paronel,rolls paronel,96
Para Acompañar & Picar,to accompany & itching,85
Comida japonesa,Japanese Food,100
Almuerzo martes,Lunch Tuesday,93
Combinación 20 piezas,Combination 20 pieces,93
Sándwich de milanesa,Milanese sandwich,100
Ofertas,Offers,100
Tempura y Panko Roll,tempura and panko roll,97
Especial Rolls,Special rolls,54
Tempuras,tempuras,100
Rolls para Niños,Rolls for Kids,97
Calzoni,trousers,62
Vegetariano Roll,vegetarian roll,68
Calzone,calzone,100
"Churrasco, lomo o hamburguesa",tenderloin steak or hamburger,60
Sub del día,Sub day,76
Hot Rolls Furai,Hot Rolls Furai,62
Pizza Especial,Special pizza,92
Chorrillana,chorrillana,100
Lil´ Jumpin´ Beans,Lil' Jumpin Beans,48
Piqueos Fríos,cold snacks,70
D. Cheese cream rolls,D. Cheese cream rolls,50
Sándwiches (tradicionales en Pan Frica),Sandwiches (traditional Pan Fricka),88
Mixtos,mixed,90
Sándwich Del Rincón,Sandwich Del Rincon,85
Roll Especiales,Special Roll,89
Hot Rolls Tempura y Furai,Hot Rolls Tempura and Furai,76
Combo + Complemento,Combo + Complement,100
Envuelto en Salmón y Palta,wrapped in salmon and avocado,84
Hot Rollls,hot rollls,46
Kebab,kebab,30
Rolls envueltos en Nori,rolls wrapped in nori,97
Piqueos (tipo coctel),piqueos (cocktail type),93
Papas gourmet,gourmet potatoes,100
Jugos Individuales 300cc,individual juices 300cc,100
Pizze fuzion,pizze fuzion,41
Especialidad de la casa,specialty of the house,100
Rolls en panko y en tempura,Rolls in panko and tempura,94
C. California rolls,C. California rolls,66
Sándwiches fríos Tulu´s,Cold sandwiches Tulu's,58
Mezze,mezze,100
Montreal Bagel,Montreal Bagel,100
Platos vegetarianos,vegetarian dishes,100
Hamburguesas de La Granja,burgers farm,86
Sanguches,Sandwiches,73
Especialidad en pescados,specialty fish,94
Pizzas especialidades,Pizzas specialties,100
Empanadas,breaded,73
Especial,special,100
Tragos y Cerveza,drinks and beer,72
Envueltos,wrapped,94
Futomaki - 20% off,futomaki - 20% off,71
Borde relleno con queso,edge stuffed with cheese,88
Fusión Gourmet,gourmet fusion,100
Razz nori,razz nori,100
Cocktelería,cocktelería,100
Antojitos,Antojitos,100
Arrebatos hambriento y apurado,Hungry and in a hurry outbursts,48
Promos - Promoción,promos - promotion,100
Rolls Hosomaki,rolls hosomaki,96
Classic rolls envueltos en salmón,classic rolls wrapped in salmon,90
Appetizer frío,cold appetizer,73
Para Picotear,To Pecking,92
Platos tailandeses,Thai dishes,94
California Rolls y Zona Light,California Rolls and Area Light,51
Galletas Dulces,Sweet biscuits,93
Pollo / Conejo,chicken / rabbit,100
Promo menú I Dan,Promo menu I Dan,64
Per Bere,for drinking,100
Combinados,combined,44
Ingredientes Adicionales,Additional ingredients,92
Hosomaki Tempura en Panko,hosomaki tempura panko,93
Quesadillas,quesadillas,100
Philadelphia rolls,philadelphia rolls,64
Helados artesanales,ice creams,53
Ensalada Premium,premium salad,100
"Hosomaki, Niguiri, Temaki",hosomaki niguiri temaki,100
Rolls Inside,Rolls Inside,59
Platos fuertes de cocina,strong dishes,73
Platos familiares,familiar dishes,100
Wrap,Wrap,100
Rolls Tempura Fritos,fried tempura rolls,59
Promociones Pollo,Pollo Promotions,100
Piqueos calientes,hot appetizers,75
Rolls envuelto en Palta,rolls wrapped in avocado,78
Otros Platos,other dishes,100
Mix,mix,20
Almuerzos y colaciones,lunches and snacks,65
Los más pedidos,Most orders,61
Pizza,pizza,100
Special Palta,special avocado,46
Sándwich o ensalada,sandwich or salad,100
Especialidades Pizzas,Specialities Pizzas,100
Rolls Frios,cold rolls,90
Pastas y verduras,pastas and vegetables,100
Milanesas al plato,milanesas pigeon,76
Salads & Soups,salads & soups,77
Postre,dessert,100
Pizzas promoción,pizzas promotion,58
Hamburguesas caseras de 200 gr.,200 gr homemade burgers.,81
Makimono rolls,makimono rolls,55
Barra Tradicional,Traditional bar,87
Pescados / Mariscos,Fish / Seafood,100
Appetizer Calientes,hot appetizer,75
Zona Ligth,Ligth Zone,100
Arroz y Pastas,rice and pasta,96
"Tablas para ""El Malón""","Tables for ""Malon""",85
Razz wraps,razz wraps,32
Arma tu sándwich,Build your sandwich,71
Cervezas y Bebidas,beers and drinks,100
Sashimi y Ceviche,sashimi and ceviche,100
Tablas para Compartir,Tables Share,86
Especiales,Specials,100
Ensaladas & Verduras,Salads & Vegetables,87
Picadas,Stings,100
Rolls 15% OFF,Rolls 15% OFF,86
Rolls Especiales Banzai,Special Rolls Banzai,93
Almuerzos,lunches,100
Otras carnes,other meats,100
Opciones Big Sandwiches,Big Sandwiches Options,56
Ciboulette,ciboulette,100
Sashimi y Nigiris,Sashimi and Nigiris,100
Bebidas Individuales 500cc,individual drinks 500cc,100
Festival de gyosas,Festival gyosas,48
Rolls Creaciones Urbanas,rolls urban creations,97
Para tomar,to make,70
Comida Caliente,hot meal,100
Arrebatos compartidos,shared outbursts,100
Ensaladas de la casa,house salads,100
Sándwiches de milanesa,sandwiches Milanese,83
Ensalada de la casa,house salad,100
Dim Sum,Dim Sum,100
Sofisticados Rolls,sophisticated rolls,66
25 % off Platillos,25% off Cymbals,68
Sanguches de filete de pollo,Chicken fillet sandwiches,86
Bronto Picoteo,bronto pecking,100
Platos Nikkei,Dishes Nikkei,100
Tortas y dulces,cakes and sweets,68
Temaki - 20% off,temaki - 20% off,70
Salsas especiales,special sauces,100
Choices,choices,53
Aderezo para la ensalada,salad dressing,91
Hamburguesas caseras,homemade burgers,100
Energéticas,energy,70
Piscos,piscos,100
Los Frescos Cebiches y Tiraditos,The Fresh Cebiches and Tiraditos,75
Zona Ligth Rolls,Area Ligth Rolls,76
Gohan Ok,gohan ok,100
Rolls Calientes (Panko o Tempura),Rolls Calientes (Panko or Tempura),98
opciones de envueltos California Rolls,Rolls wrapped options California,79
Maguro Atún,maguro tuna,50
Menú 10 rollos,Menu 10 rolls,100
Promociones Kanpeki,Promotions Kanpeki,100
Nikkei Roll,Nikkei Roll,95
Bronto Ensaladas Tradicionales,bronto traditional salads,100
"Bebidas, Té y Extras",Drink tea and extras,86
Pizzetas,pizzetas,100
Envuelto en Pescado,fish wrapped in,57
Envueltos en palta y salmón,wrapped in avocado and salmon,82
Tailandia,thailand,100
Sweet Rolls,sweet rolls,10
"Gukan, Gyosas y Nigiris",Gukan Gyosas and Nigiris,100
Sándwich Gourmet,gourmet sandwich,100
Jugo en leche,juice milk,86
Cafetería,coffee shop,100
Promociones Familiares,Family promotions,95
Cream Cheese Rolls,Cream Cheese Rolls,25
Gohan,gohan,100
CHOICE 3 ingredientes,3 ingredients choice,79
Lo Dulce,The Dulce,87
Rolls Especiales,Special Rolls,90
Califorma Rolls,Califorma Rolls,96
Diente de dragón,dragon tooth,100
Sándwiches de la casa,sandwiches house,84
Combinaciones Wasabi,combinations wasabi,100
Burrito,Burrito,100
Uramakis,uramakis,100
Creaciones Kyu,kyu creations,100
California Rolls Crema,California Rolls Cream,97
Bebidas 2 Lts.,Drinks 2 Lts.,100
Nuestras combinaciones,our combinations,100
Promo Viernes,Promo Friday,100
Snacks y Entradas,Snacks and Tickets,100
Salsa y Extras,sauce and extras,100
Sashimi - 20% off,sashimi - 20% off,69
Futomakis,futomakis,100
Menú del día,menu of the day,100
Menús para Compartir,menus to share,100
Platos Peruanos,Peruvian dishes,93
Pastelería y Bollería,Pastry and Bakery,80
Asia,Asia,100
Temaki,temaki,100
Combinaciones y Menú,combinations and menu,100
Sandwich de Salmón Ahumado,Smoked salmon sandwich,90
Combinaciones Florida Sushi,Combinations Florida Sushi,100
Ensaladnwich,ensaladnwich,100
Platos del chef,dishes from the chef,100
Appetizer,appetizer,55
Ofertas al paso,offers to step,75
Sandwichs,sandwichs,100
15 off en la carta,15 off on the chart,101
Razz tempura,razz tempura,58
Tablas Grandes,large tables,100
Sugerencias,suggestions,100
Hamburguesas,burgers,100
Rolls Calientes Panko,Hot Rolls Panko,92
Roll Especial,Special Roll,96
Especiales de fin de semana,Special weekend,89
Temaki (Hand-Roll),Temaki (Hand-Roll),100
Cortes,Cortes,100
Giga Promo,Giga Promo,100
Dulces,confectionery,23
Sándwiches vegetarianos,vegetarian sandwiches,100
Parrillada china,Chinese BBQ,40
Otras Promociones,Other Promotions,100
Carnes,meats,100
Bushido Hot Roll,Bushido Hot Roll,88
Sándwich Miga,Sandwich Miga,88
Menu Italiano,Italian menu,92
Hot Roll + Especiales,Hot Roll + Specials,84
Desayuno y Hora del Té,breakfast and teatime,88
Sashim,sashim,100
Ensalada César + Jugo,Caesar Salad + Juice,100
The sweets pasteleria,The sweets pastry,47
Special Rolls II,Special Rolls II,52
Viernes,Friday,100
Pizzas quijotescas,quixotic pizzas,94
Arroz salteado,fried rice,64
Promoción viernes 8 y sábado 9 de Marzo,promotion Friday 8th and Saturday March 9,95
Variedades de arroz,rice varieties,100
Rolls Salmón,salmon rolls,81
California rolls - 20% off,California rolls - 20% off,55
Pizzas Deluxe,Pizzas Deluxe,100
Entremeses Fríos,Cold Appetizers,52
Refrescos,refreshments,100
Futomaki - 30% off,futomaki - 30% off,71
Hamburguesas dobles,double burgers,100
Special rolls,special rolls,53
Del Chef,Chef,12
Empanadas al horno,baked pies,100
Shawarma,shawarma,100
Sánguches,sandwiches,76
Repostería Tulu´s,tulu's pastries,45
Vacuno,bovine,50
Special Salmón,special salmon,88
T-T-Tacos,t-t-taco,94
Carne,meat,100
Sándwich,Sandwich,100
Nigiri Especial,nigiri special,100
Toro Toro Sándwich Vegetarianos,toro toro vegetarian sandwich,92
House Rolls,House Rolls,63
Nuestros Paquetes,our packages,100
Pastas Artesanales,Artisan Pasta,56
Rolls y Platos Calientes,Rolls and Hot Dishes,89
Razz nigiri,razz nigiri,54
Appetizers Calientes,Hot appetizers,75
Especiales y tempura,Special and tempura,94
Especial en myrai sushi,Especially sushi myrai,91
Camarones,Shrimps,100
Roll,roll,88
Sugerencias Mix,Suggestions Mix,100
Cervezas,beers,100
Cortes sashimi,Cortes sashimi,100
Criollos,Criollos,100
Envueltos mixtos,wrapped mixed,86
Tori rolls,tori rolls,38
Sándwich Clásicos,classic sandwich,97
Uramaki avocado,uramaki avocado,70
Ensaladas y Sopas,salads and soups,100
Cafés,Cafes,100
Apanados en panko,breaded in panko,88
Empanadas de Horno,baked pies,88
Entradas Frías,Cold Starters,70
Rolls Apanados y Tempura,breaded and tempura rolls,88
Agregados para pizza,pizza aggregates,84
Comidas rápidas,fast food,93
Promociones Desayunos,Breakfast Promotions,92
Empanaditas,empanaditas,100
Rolls Especial Palta,Special Rolls Palta,97
Fajitas x4,Fajitas x4,100
Fajitas x2,Fajitas x2,100
Ensaladas Gourmet,gourmet salads,100
Chizu Rolls,Chizu Rolls,95
Rainbow roll,rainbow roll,91
Jugo,juice,100
Sopaipillas,Sopaipillas,100
Sándwich 2X1,sandwich 2x1,69
Uramaki rolls,rolls uramaki,51
Pizza al Taglio,pizza slices,100
Rollos Especiales,special rolls,100
Agregados La Rotonda,aggregates the roundabout,93
Kids Menu,Kids Menu,42
Picoteos Grupales,group pecking,80
25 % Off Platillos,25% Off Cymbals,97
Salsas del rincón,sauces corner,62
Chorrillanas para Compartir,chorrillanas to share,100
Empanadas de horno
Cenas Sólo para Dos,dinner just for two,97
Wraps/ Fajitas,wraps / fajitas,96
Especiales Fríos,Special cold,83
Especiales Fritos,Special Fried,51
I Dolci,sweets,83
Sushi Sashimi Moriawase,sushi sashimi moriawase,100
Dietetico,dietary,100
Pollo sándwich,chicken sandwich,54
Super Special Hot Rolls,super special hot rolls,45
Cabernet Sauvignon,cabernet sauvignon,100
Milk Shake,milk shake,12
Hot rolls  - 30% off,hot rolls - 30% off,44
Shirashi,Shirashi,100
Rolls en Masago,Rolls in Masago,100
Makimono,makimono,100
Ensaladas Thai,thai salad,96
Nikkei Rolls,Nikkei Rolls,96
Mega Sándwich Tradicional,Traditional mega sandwich,96
Camarón o Salmón furai,furai shrimp or salmon,65
Tacos,Tacos,100
Promos,promos,100
"Rolls Envueltos en Sésamo, Amapola, Cebollín o Merkén",Rolls Wrapped in Sesame or poppy Cebollín Merkén,89
Special Rolls Palta,Special Rolls Palta,60
Ensaladas especiales,special salads,100
Choriburger,choriburger,100
Jugo en agua,water juice,91
Sándwich Carne de Vacuno,Beef Sandwich,72
Ajíes y picantes,Peppers and spicy,66
Uramaki Rainbow,Uramaki Rainbow,100
Milanesas,milanesas,100
Rolls envueltos en salmón,wrapped in salmon rolls,69
Rolls envueltos en palta (8 piezas),rolls wrapped in avocado (8 pieces),86
Salsa adicionales,additional salsa,93
Hamburguesas Pieros,Burgers Pieros,100
"Té, café e infusiones",coffee tea and infusions,80
Rolls de Lujo,Luxury rolls,88
Bebidas 1.5 Lts.,Drink 1.5 liters.,75
Rolls Premium Nikkei,Rolls Premium Nikkei,92
Rolls tempurizados y calientes,Rolls tempurizados and hot,98
Slams,Slams,100
Promo Semana Santa,Easter Promo,53
Ebi tempura,Ebi tempura,100
Sake,sake,100
Extras Sushi Sky,Extras Sushi Sky,100
Menus,menus,72
Sanguchazos clásicos,Classic sanguchazos,87
Para compartir - 20% off,to share - 20% off,77
Empanadas y más,Empanadas and more,100
Sándwich de mechada,sandwich loaf,43
Makimono especial,Special Makimono,94
Minimarket,minimarket,57
Sushi fuzion,sushi fuzion,41
Completo,full,100
Makimonos,makimonos,100
Empanadas con queso,Empanadas with cheese,100
Whisky,whiskey,100
Sándwich Tradicionales,traditional sandwich,95
Special Rolls Salmón,special rolls salmon,69
Lasagna,Lasagna,100
Tempura Roll,Tempura Roll,91
Tempura y Apanados,tempura and breaded,91
Pollos a las brasas,grilled chicken,68
Almuerzos y Platos Extras,Lunch and Dishes Extras,97
Envueltos en masago,wrapped in masago,97
Rolls Fusión Púrpura,purple fusion rolls,91
Platos Fríos y Calientes,hot and cold dishes,100
Especialidad de parrilla,specialty grill,53
Korokees,korokees,100
Tataki,tataki,100
Menú para 2,menu for 2,100
Otros,others,100
Carta Menú,Carte Menu,100
Menú para 4,menu for 4,100
Ensaladas Toro Toro Gourmet,Toro Toro Gourmet Salads,66
Tradiciones Peruanas,Peruvian Traditions,100
Vegeta Rolls,vegeta rolls,48
Merlot,merlot,100
Niguiris y Sashimis,Niguiris and Sashimis,100
Pasta larga,long pasta,100
Empanaditas Fritas,fried dumplings,58
Sandwich,sandwich,100
Pizza Premium,Premium Pizza,41
Tablas Árabes,Arab Tables,92
Pizza a tu pinta,Pizza to your pint,100
Top Rolls,Top Rolls,94
Vegetal,vegetable,100
Crepes Salados,savory crepes,100
Tragos Largos,Long Shots,48
Calizzas,calizzas,100
Too much rolls,Too much rolls,48
Vodka,vodka,100
Adicionales,Additional,90
Otros Sándwiches,Other Sandwiches,87
Menu para Peques,Menu for Peques,90
Pizzas del mundo,Pizzas world,85
Pizzas Voraz,Pizzas Voraz,100
Vinos Copa,Wines Cup,100
Jugos y bebidas gaseosas,juices and soft drinks,58
Ebi,ebi,100
Caprichos Mediterráneos,Mediterranean whims,95
Raciones,rations,100
Bebidas – Extras,drinks - extras,88
Special Rolls Envueltos en Salmón,special rolls wrapped in salmon,80
Empanada Premium,Premium Pie,40
Empanada Especial,Special Pie,62
Para continuar,to continue,100
Vodkas,vodkas,100
Sanguchazos los nuestros,sanguchazos our,83
Promoción de Almuerzo,lunch promotion,97
Filete,steak,100
Bebidas en lata,canned drinks,87
Para disfrutar,to enjoy,100
Ensaladas Clásicas,classic salads,100
Californias envueltos en Masago,californias wrapped in masago,96
Barros luco en pan frica,Barros Luco bread Africa,85
Exquisitos Ostiones y Camarones,delicious oysters and shrimp,70
Tutto Especialidades,All Especialidades,95
Temaki (1 pieza),temaki (1 pieza),100
Rolls Nikkei,nikkei rolls,96
Ali Salsas,Ali Sauces,70
Tapas envasadas,tapas packed,73
Ensaladas a tu gusto,salads to taste,89
Fusion rolls,fusion rolls,34
Tapas,Tapas,100
Ceviche y ensaladas,ceviche and salads,100
Sandwiches Vegetariano,Sandwiches Vegetarian,95
Para acompañar - 30% off,to accompany - 30% off,77
Appetizer calientes,hot appetizer,75
Sushimi,sushimi,100
Pizza Speciale,Pizza Special,96
Brochetas Yakitoris,yakitoris skewers,72
Ensaladas Tulu´s,Salads Tulu's,82
Rolls exclusivos (8 piezas),Exclusive rolls (8 pieces),94
Rolls en Salmón,in salmon rolls,83
Crudos,raw,90
2x1,2x1,101
Cheese roll,cheese roll,32
Promociones Haruki,Haruki Promotions,100
Piegattio fuzion,piegattio fuzion,100
Chesse Roll's,Roll's Chesse,81
Rolls furay y queso crema,Furay rolls and cream cheese,90
Jugos en Leche,milk juices,92
Paquetes,Packages,100
Piqueos y ceviches,snacks and ceviches,76
Ceviches,ceviches,100
Hamburguesas Artesanales & Suprema de Pollo con Salsas,Artisan Burgers & Chicken Supreme with Sauces,57
Sugerencias del Rincón,suggestions corner,71
Rolls Especiales o de Fantasía,special rolls or fancy,98
Yakimeshi,yakimeshi,100
Papas Fritas,french fries,100
Special Cheese Rolls,special cheese rolls,52
*Envuelto,* Wrapped,94
Tiraditos,tiraditos,100
Sakana Tataki,Sakana Tataki,100
Fondos de pollo,chicken funds,100
Hand Rolls,hand rolls,41
Sashimi 8 Cortes,Sashimi 8 Cortes,100
Apetizzer y preparaciones calientes,apetizzer and hot preparations,100
Rolls vegel,rolls Vegel,86
Confitería,confectionery,100
Fusión & Gourmet,Fusion & Gourmet,90
Barra Fría de Café,Cold coffee bar,45
Salchichas,sausage,94
Hand Roll,hand roll,32
Para Beber,to drink,100
Sándwich preparados,prepared sandwich,97
Hosomaki Rolls,Hosomaki Rolls,96
Niguiris,niguiris,100
Atún,tuna,100
Ave,bird,20
Fideos de Arroz,rice noodles,100
Avocados Rolls,Avocados Rolls,58
Chancho,pig,33
Pizzas del Mundo,Pizzas World,73
Avocado Roll,Avocado Roll,56
Apetizzers,apetizzers,100
America Rolls,America Rolls,61
Productos Unitarios,unitary products,100
Panes Horneados,baked breads,100
Sushi para Niños,sushi for children,100
Carne Mechada,meatloaf,100
Hot Rolls,Hot Rolls,37
Carnes y Otros,meats and other,100
Avocado Rolls,avocado rolls,32
Churrascos y Lomitos,barbecues y lomitos,90
Combinaciones More,Combinations More,83
Cream rolls - 20% off,cream rolls - 20% off,40
Rolls para embarazadas,rolls for pregnant,97
Deli Rolls,Deli Rolls,95
Cocteles,cocktails,82
Capelleti Gratinado,Capelleti Gratin,91
Rolls Apanados,Rolls Breaded,86
New Rolls,new rolls,72
Fusiones,mergers,100
Platos Preparados,ready meals,68
Salsas y Otros,Sauces and Others,100
Rolls de la casa - 30% off,rolls of the house - 30% off,77
Sushimanía rolls,Sushimania rolls,52
Promo Martes,Promo Tuesday,100
Sándwich tradicionales,traditional sandwich,95
Salad & soup,Salad & soup,91
Cebiche Salmón,salmon ceviche,84
Acompañamientos y platos calientes,accompaniments and hot dishes,100
Rollos calientes,Hot rolls,100
Sandwich premium,premium sandwich,90
Gnocchi lasagna e risoti,gnocchi and lasagna risoti,91
Hielo,ice,100
Mariscos,seafood,100
Nuestras ensaladas,our salads,100
Bebidas y postres,drinks and desserts,100
Promociones Con Mucha Hambre,very hungry promotions,76
Rolls Palta,avocado rolls,55
Postres Artesanales,homemade desserts,64
Menú niños,Kids menu,88
Para acompañar,to accompany,100
Razz palta,Razz avocado,34
Shawarmas y Dönner,Shawarmas and Donner,91
Chirashi,chirashi,100
Sándwich Destacados,Featured sandwich,87
Entradas di Mare,entradas sea,82
Nigiri (2 unidades),nigiri (2 units),100
Nuevos rolls,new rolls,96
Furai,furai,100
Hay Quiches,There Quiches,100
Promociones Para Dos,promotions for two,100
Sugerencias del chef,Aways,100
Promoción -  74 Piezas x $18.000,"Promotion - 74 pieces x $ 18,000",95
Tiger Roll Especiales,Tiger Special Roll,92
Premium Nikkei Rolls,Premium Nikkei Rolls,82
Pescados y mariscos,Fish and seafood,100
"Envueltos en sésamo, ciboullete o maní",Wrapped in sesame or peanut ciboullete,74
Combinación Mixta,mixed combination,100
Roll en Queso,roll in cheese,88
Fondos de pescados y mariscos,funds seafood,76
Rolls Makimono Envuelto en Alga Nori,Makimono Rolls Wrapped in Nori Seaweed,98
Platos Pop,pop dishes,100
Bocatas,bocatas,100
Razz queso,razz cheese,50
Carta de Helados,Charter Cream,59
Arma tus Rolls,Plan your Rolls,64
Especias & Condimentos,spices & condiments,95
Nigiri Moriawase,nigiri moriawase,100
Colaciones del Día,collations of the day,100
Pescados,Fish,93
9 cortes (Envueltos en palta),9 cuts (Wrapped in avocado),94
Pro rolls,pro rolls,94
Las Fritas,chips,75
Deli Rolls (8 Trozos),Deli Rolls (8 Pieces),79
Round One,round one,44
25% off platillos,25% off dishes,101
Tablas Medieval del Rincón,Medieval Tables Corner,62
Planchaditos,planchaditos,100
Arcoíris,rainbow,77
Tablas de sushi,tables sushi,100
Arroces,rice,66
Primera Patita,First Duckling,85
Promos - Promociones,promos - promotions,100
Pizzas Familiares,family pizzas,100
Tallarines,noodles,37
Vienesas,Viennese,66
Para comenzar,to start,100
"Comida casera, rápida y sushi",quick homemade food and sushi,100
Roll de la casa,roll of the house,96
Hosotakis,hosotakis,100
Rolls envueltos en Queso Crema,Cream Cheese wrapped rolls,38
Futomaki y hosomaki,futomaki and hosomaki,100
Ensaladas y Agregados,salads and aggregates,100
Para Empezar,to begin with,100
Hosomaki - 20% off,hosomaki - 20% off,71
Dientes de Dragón,Dragon's Teeth,97
Tempura hot rolls,hot tempura rolls,45
Niguiri y Gukan,niguiri and gukan,100
Snack's,Snack's,83
Mitad Rolls,half rolls,38
Empanadas Fritas,fried pies,58
Uramaki Especial,Special Uramaki,100
Cebiches y Fríos,cebiches and cold,96
Nuestros Combos,our combos,100
Pollos Asados,roast chicken,91
Menú Tentaciones,temptations menu,100
Envuelto en tempura,wrapped in tempura,100
Cocktail del Rincón,Cocktail of the Rincón,82
Sándiches Vegetarianos,Vegetarians sandiches,53
Star Rolls,star rolls,40
Chaumin,Chaumin,100
Holy Guacamole,Holy Guacamole,100
Appetizer caliente,hot appetizer,77
Menú Premium,premium menu,100
Premium Rolls,premium rolls,51
Promociones El Quijote,Promotions El Quijote,93
Rolls Fritos,fried rolls,96
Fideos,noodles,100
Arma Tu Pizza,Weapon Your Pizza,84
Colaciones,collations,100
Cheese,cheese,36
Vino,wine,100
Promoción Sushi Moto,Promotion Sushi Moto,100
Guarniciones,fittings,100
California rolls,California rolls,55
Promociones a domicilio,Promotions Home,78
Vegetarianos y veganos,Vegetarians and vegans,91
Cerdo,pork,100
Salsa de Mister Sushi,mister sushi sauce,92
Especial Tai,Special Tai,66
Tempura furay rolls
De Tarde,Afternoon,76
Empanadas japonesas (Gyozas),Japanese empanadas (gyozas),96
Sandwiches de Ave,poultry sandwiches,69
Niños,children,100
Promoción Menú,Menu Promotion,100
Carta de Vinos,wine list,100
Nori,nori,100
Completos vegetarianos,Vegetarians complete,62
Los Ave,The Ave,61
California Roll's,California Roll's,85
Pizza Brutus,Pizza Brutus,100
Sugerencias Kaizu,Suggestions Kaizu,100
Vienesa Chica,Viennese girl,53
Menu Mexicano,Mexican menu,81
Furay o Tempura,Furay or Tempura,100
Tempura Rolls,Tempura Rolls,51
Rolls Furai,rolls furai,95
Rolls Envueltos en Queso Crema,Wrapped in Cream Cheese Rolls,66
Colaciones Sushi,Snacks Sushi,64
Pizzas XL,xl pizzas,100
Trilogías,trilogies,100
Fettuccini,Fettuccini,100
Appetizer Frío,cold appetizer,73
Chirashis,chirashis,100
Fettuccine,fettuccine,100
Sándwiches Sibaritas,Sandwiches Sibaritas,92
Pitón,python,100
Empanaditas japonesas,Japanese dumplings,93
Frutas,fruits,100
Clásicos California,classic california,51
Domburimono,domburimono,100
Salads,salads,80
Fondo de mariscos,seafood background,100
Rolls y platos calientes,Rolls and hot dishes,97
Menús Ejecutivos,executive menus,100
Ollitas,ollitas,100
25% Off Platillos,25% Off Cymbals,100
Sandwiches,Sandwiches,100
Especial roll,Special roll,59
Entrada,entrance,100
White rolls,white rolls,40
Carne al Wok,meat wok,47
Sushi California Rolls,California Sushi Rolls,71
Specialty,specialty,66
Rolls Calientes,Rolls Calientes,96
Bebidas y Extras,drinks and extras,100
Roll Envuelto en Palta o Salmón,roll wrapped in avocado or salmon,100
Platos para llevar,takeaway,75
Ceviches Bushido,ceviches bushido,100
Para compartir,to share,100
Menú Clásico,classic menu,100
Temaki - 30% off,temaki - 30% off,70
Especial Palta,Special Palta,57
Promoción 2x1,2x1,35
Sándwich Carne de Cerdo,pork sandwich,94
Para compartir - 30% off,to share - 30% off,77
Premium Rolls *,Premium Rolls *,70
Tropical Cheese Roll,tropical cheese roll,37
Rolls Especiales Envueltos en Palta,Special Rolls Wrapped in Palta,95
Nigiri,nigiri,100
Sándwiches (Molde Sándwich),Sandwiches (Molde Sandwich),89
Otros Productos,other products,93
Entrantes,Incoming,94
Supreme Rolls,Supreme Rolls,88
Korokkes,korokkes,100
Camarones y Verduras,shrimp and vegetables,100
Cevichería,Cevicheria,85
Los Líquidos,liquid,76
Special rolls y vegetarianos,Special rolls and vegetarian,65
Sushiviche,sushiviche,100
Rolls envuelto en Salmón,Rolls wrapped in salmon,92
"Pastas, Pescados",Pasta Fish,92
Misceláneos y vegetarianos,Miscellaneous and vegetarian,68
Special Ozei,special ozei,56
Menú infantil,children's menu,100
Martes,Tuesday,100
Nigiri - 20% off,nigiri - 20% off,68
Niguiri,niguiri,100
Vegetarianos en Curry,vegetarian curry,57
Avocado rolls - 20% off,avocado rolls - 20% off,43
Niguiri (2 Unidades por Porción),niguiri (2 units per serving),96
Para acompañar - 20% off,to accompany - 20% off,77
Bronto Vegetariano,vegetarian bronto,94
Cocktail,cocktail,53
Cream Rolls,cream rolls,38
Pizza 2X1,Pizza 2X1,100
Dulces Arabes,Arab Sweets,88
Menú de almuerzo (Hasta las 13:00 hrs.),lunch menu (13:00 hrs.),85
Cervezas Importadas,imported beers,100
Liquidos y Jugos,liquids and juices,90
Ofertas de Sándwiches,offers sandwiches,80
Mozarella Rolls,mozarella rolls,58
Wraps,Wraps,100
Rolls atún,tuna rolls,84
Agregado Extra,Added Extra,64
Para empezar,to begin with,100
Pizza cipolla fuzion,cipolla pizza fuzion,65
Choices y toppings,choices and toppings,46
Pizzas tradicionales,traditional pizzas,100
Rolls con Cubierta Sugerida,Suggested rolls with cover,60
Sandwiches de Pescado,fish sandwiches,93
Rolls mixtos envueltos en palta y salmón,Mixed Rolls wrapped in avocado and salmon,85
Parrilladas,parrilladas,100
Roll's Calientes,roll's hot,54
Naturistas,Naturists,100
Entradas y Bocadillos,tickets and snacks,71
Para Picar,Chopping,53
Opciones postres,Desserts Options,93
Champiñones rellenos apanados,Stuffed mushrooms breaded,95
Bebidas y Jugos,drinks and juices,86
Ensaladas del Barrio,Salads Neighborhood,88
Ensaladas Naturistas,salads naturists,100
Hosomaki (8 unidades),hosomaki (8 units),100
Sakana- Tataki,Sakana- Tataki,100
Rolls en salmón,Rolls in salmon,91
Promociones Exclusivas,exclusive promotions,100
Platos Calientes (Chifa Peruana),hot dishes (Peruvian chifa),96
Hot dogs,hot dogs,25
Roll a elección,Roll your choice,70
Shawarma clásico,shawarma classic,47
A. Avocado rolls,a. avocado rolls,43
Platos Criollos,Creole dishes,93
Hosomak,hosomak,100
Rolls Calientes (8 Piezas),hot rolls (8 pieces),94
"Cafetería, Jugos naturales, Bebidas",Café natural juices Drinks,97
Costillas,ribs,100
Sándwich Naturales,natural Sandwich,86
Maki Moriawase,maki moriawase,100
Platos Principales,Main Dishes,100
Rolls calientes (8 cortes),Hot Rolls (8 slices),82
A la Parrilla,grilled,100
Crea tu pizza,Create your pizza,100
Rice & Roll Gourmet rolls,Rice & Roll Gourmet rolls,61
Vegetariano,vegetarian,100
Chioces,chioces,100
Pastas congeladas,frozen pastas,100
Chesse Rolls,Chesse Rolls,96
Con Cubierta Apanada en Panko o Tempura,Cover with breaded in Panko or Tempura,75
Fresh Rolls (6 bocados),fresh rolls (6 bites),50
Bushido Mixto,bushido mixed,68
Fusión,fusion,100
Shirashi Sushi,Shirashi sushi,57
Ensaladas frescas,fresh salads,100
Toro Toro Sándwich Tradicionales,Toro Toro Traditional Sandwich,92
Té,tea,100
Burritos y Tacos,burritos and tacos,100
Envueltos en Salmón,Wrapped in Salmon,92
Conveniencias,conveniences,100
Platos Especiales,Special Dishes,94
Churrascos,barbecues,31
Oni Premium,oni premium,30
Camarón Furay,Shrimp Furay,100
Almuerzo jueves,Lunch Thursday,93
Promociones de Kazuo,Kazuo Promotions,91
Pollo Deshuesado Relleno,boneless stuffed chicken,48
Cocktail de Aperitivos,cocktail snack,28
Envueltos en ciboullete / masago,wrapped in ciboullete / masago,98
Especial Thaí,Special Thai,48
Carta gourmet,Charter gourmet,85
Nuestras tablas,our tables,75
Arma tu pizza,Build your pizza,64
Sándwich vegetarianos,vegetarian sandwich,97
Entremeses Calientes,hot appetizers,65
Cheese rolls,cheese rolls,34
Chicken Box,Chicken Box,100
Churrasco 2 x 1,Barbecue 2 x 1,100
B. Sake rolls,B. Sake rolls,51
Variedades,varieties,100
Unamaki tempura,unamaki tempura,46
E. Duo rolls,e. duo rolls,61
Entradas Calientes,Hot tickets,94
Ceviche,ceviche,100
Rolls Tipo California,Type California Rolls,56
Complementos de la Ensalada,ons Salad,50
Promoción,promotion,100
Tempura y panko,tempura and panko,100
Platos especiales,Specials,66
Rolls calientes,Hot Rolls,90
"Promoción 2 X 1. Elige Tus 2 Pizzas Medianas y Familiares, Iguales O Combinadas Y Cancela La De Mayor Valor",Promotion 2 x 1. Pick your 2 medium pizzas and the same family or combined and cancels the higher value,73
Gohan (arroz frío),gohan (cold rice),100
Fusión Gourmet Rolls,fusion gourmet rolls,65
Nuestras Variedades,our varieties,100
Ceviche Nikkei y Japonés,Ceviche Nikkei and Japanese,96
Rolls envueltos de Pulpo,Rolls wrapped Octopus,63
Tabla Sushi Moke,Table Sushi Moke,100
Desayunos y onces,breakfast and afternoon tea,55
Platos con Base de Arroz,rice-based dishes,91
Productos del Mar,Sea Products,100
Arma tu rolls,Build your rolls,60
Furay & Tempura Rolls,Furay & Tempura Rolls,93
Nikkei Bushido,Nikkei Bushido,100
Aderezos,dressings,35
Apettizers,apettizers,100
Apetizeer,apetizeer,100
Nuestras promociones,our promotions,100
Rolls en Palta,Rolls in Palta,100
Envuelto en Palta,Wrapped in Palta,100
Combos Mix,Mix Combos,60
Platos calientes,hot dishes,100
Uramaki,uramaki,100
Acompañamientos,Accompaniments,100
Churrasco/ Lomo/ Escalopa,BBQ / Lomo / Escalopa,69
Guisados,stews,100
Brochetas Ok,skewers ok,54
Rolls calientes Tempura (8 cortes),hot tempura rolls (8 slices),59
Bebidas Frías,cold drinks,100
Sándwich Ave,Sandwich Ave,88
Futomaki rolls,futomaki rolls,55
Comida caliente,hot meal,100
Productos,produce,75
Extras Satoru,Extras Satoru,100
Special Hot Rolls,special hot rolls,36
Sándwich Premium,premium sandwich,100
Rolls Vegetarianos,vegetarian rolls,94
Vienesas XL,Viennese XL,76
Rolls california,Rolls california,96
Menú,menu,100
Fondos,funds,100
Arroces calientes,hot rice,83
Entradas Peruanas Calientes,Peruvian hot tickets,62
Churrasco marino,Barbecue marino,100
Chaufas,chaufas,100
Para Tomar,To Take,84
Appetizers y papas fritas para compartir,Appetizers and fries to share,90
Novedades,News,47
Fetuccinis,fettuccine,80
Californias envuelto en Ciboulette,Californias wrapped in Ciboulette,98
*Ingredientes,* Ingredients,96
Promociones para grupos,Promotions for groups,100
Jugos y Bebidas,juices and drinks,100
Rolls California,california rolls,78
Spring Light Rolls,Light Spring Rolls,70
Carpaccios,Carpaccios,100
Roll calientes,hot roll,86
California rolls - 30% off,California rolls - 30% off,55
Líquidos Promoción,promotion liquids,93
California,California,100
Special Rolls 1 Sabor,special rolls one flavor,63
Pollo Asado,roast chicken,100
Entradas Frias,Frias Tickets,57
Pollo,chicken,100
Appetizer Fríos,cold appetizer,70
Rolls especiales,Special Rolls,96
California Rolls (8 cortes),California Rolls (8 slices),59
Piqueo y más,piqueo and more,100
Nidos y sopas,nests and soups,100
Especiales Calientes,special hot,91
Tentaciones,temptations,100
Special Rolls Salmon,special rolls salmon,62
Carnes y Aves,Meat and Poultry,100
Bebidas & Extras,Drinks & extras,87
Hosomaki (6 bocados),hosomaki (6 bites),80
Bagels,Bagels,100
Sashimi y Nigiri,sashimi and nigiri,100
25% OFF Platillos,25% OFF Cymbals,69
Clásicos Appetizer,Classic Appetizer,75
Pizza al Cuadrado,squared pizza,76
Arroz y acompañamientos,rice and accompaniments,100
Promoción Apertura,Opening Promotion,100
Gula platos,gula dishes,54
Línea Premium,premium line,100
Empanadas Orientales,Oriental pies,66
Empanadas fritas,fried pies,58
Guisos,stews,100
Menús Big Sushi,Menus Big Sushi,91
Favorites,favorites,88
Envueltos en sésamo,wrapped in sesame,97
Envuelto en Camarón,wrapped in shrimp,87
Ensaladas & Wraps,salads & wraps,94
Picoteos fríos,cold pecking,92
Envuelto en:,wrapped in:,100
Menú Ejecutivo,executive menu,100
Bronto Ensaladas Internacionales,bronto international salads,100
Super Ofertas,Super deals,92
Bebidas / Extras,Beverage / Extras,100
Cervezas Sin Alcohol,non-alcoholic beers,100
Churrasco filete,Barbecue thread,33
Churrascos vetado,vetoed barbecues,97
Frutos secos,nuts,44
Side Orders,side orders,37
Roll envuelto en salmón ahumado,roll wrapped in smoked salmon,100
Ensalada,salad,100
Roll especial,Special Roll,88
Makimono Palta,Makimono Palta,100
Piqueos fríos,cold snacks,70
1/2 Kilo,1/2 kilo,100
Ingredientes Para Agregar,Ingredients To Add,89
Sándwich en pan pita,sandwich on pita,100
"Postres, crepes y pastelería",crepes desserts and pastries,86
Hosomaki o Rolls Pequeños,Hosomaki or Small Rolls,90
Líquidos,liquids,100
Crea tu Pizza Now,Create your Pizza Now,77
Crepes dulces,sweet crepes,100
Temaki o Hand Roll,Temaki the Hand Roll,61
Combinación 70 piezas,Combination 70 pieces,93
Combinaciones y Tablas,combinations and tables,100
Entradas calientes,Hot Tickets,100
Pato y Pavo,duck and turkey,100
Sushi del Chef,Sushi Chef,83
Tragos Preparados,Prepared Drinks,56
Ensaladas gourmet,gourmet salads,100
Causas,causes,100
Sake Rolls,sake rolls,33
Vienesa,Vienesa,100
Sweet rolls,Sweet rolls,30
Sándwiches de pollo,chicken sandwiches,100
Hot roll,hot roll,33
Promoción de Lunes a Jueves,promotion from Monday to Thursday,100
Otras promos,other promos,82
Tacos de Maíz,corn tacos,100
Envueltos en camarón,shrimp wrapped,42
Woks,woks,100
Appetizers,appetizers,60
Pollo a la plancha,grilled chicken,75
Envueltos en salmón ahumado,wrapped in smoked salmon,98
Menú Ejecutivo La Rotonda,Executive Menu La Rotonda,100
Promo todos los días,daily promo,48
Especial Rolls **,Special rolls **,61
Postres mexicanos,Mexican desserts,100
Sándwich Básicos,basic sandwich,97
Camarones apanados,Breaded shrimp,91
Familiar,family,93
Principales,Main,80
Menú Mixtos,mixed menu,64
Bushido Palta,Bushido Palta,100
California Roll,California Roll,100
Roll Nuevos (8 piezas),new roll (8 pieces),72
Los As,The Ace,33
Rolls Caliente,hot rolls,86
Agregados,aggregates,100
Chaumin/fideos chinos,Chaumin / Noodle,75
Rolls envueltos en alga nori,rolls wrapped in nori seaweed,98
Combos para llevar,combos to take,100
Thailandesa,thailandesa,100
Gratinado Canelloni,Gratin Canelloni,80
Pastas caseras,homemade pasta,92
Empanada Tradicional,Traditional Pie,74
Promoción Menú Classic,Classic Menu Promotion,76
Ron,rum,100
Platillos,Cymbals,100
Furay Roll,Furay Roll,95
Panchos,panchos,100
Platos Frios,cold dishes,88
Salmón,salmon,100
Pizzas a la Carta,pizzas à la carte,100
Entradas o aperitivos calientes,inputs or hot snacks,100
Arrollado primavera,Coiled Spring,16
Tempura & Panko Rolls,Panko Tempura & Rolls,66
Cocina caliente,hot kitchen,100
Delicias de Myrai,delight myrai,73
Sakana Furai,Sakana Furai,100
Carnes a la Parrilla,grilled meats,75
Chumín Fideos,Chumin Noodles,88
Sándwich Especiales,Special Sandwiches,82
Pizzas de la casa,pizzas house,78
Special Rolls (8 bocados),special rolls (8 snacks),56
Gunkas,gunkas,100
Now Sushi,Now Sushi,70
Ingredientes,ingredients,100
Rolls dulces,sweet rolls,57
Ikiru pizza,Ikiru pizza,88
Sake rolls - 20% off,sake rolls - 20% off,45
Aderezos y salsas,dressings and sauces,100
Otros productos,Other products,100
shushijazos premium,shushijazos premium,101
Pizzas,pizzas,100
Rolls en Palta (8 Trozos),Rolls in Palta (8 Pieces),84
Tablas calientes,Hot tables,77
Barra Especial,special bar,92
Comida árabe,Arabic food,100
Especial Vegetarianos,vegetarian special,58
"Vacuno, pollo, cerdo",Beef Pork Chicken,51
Pizzas familiares,family pizzas,100
Otros Sandwich,Other Sandwich,100
Platos Naturales,natural dishes,100
Té y cafés,tea and coffee,95
Sanguches Típicos Peruanos,Typical Peruvian sandwiches,72
Special roll,special roll,53
Ollita,ollita,100
Burritos,burritos,100
Rolls envueltos en Palta,rolls wrapped in avocado,80
Rolls Tobu,rolls tobu,95
Platos Premium,Premium Plates,78
Envueltos en nori,wrapped in nori,96
Especial Mitzuit,Special Mitzuit,50
Reineta,pippin,100
Nuestras Bruschetta,our bruschetta,97
Arroz extra,extra rice,100
Arme su propio plato,build your own bowl,75
Chocolates,chocolates,100
Empanadas de Cóctel Pre Horneadas,Cocktail pre-baked pies,94
Café Especial,specialty coffee,100
Platos Karai,dishes karai,100
Spuntinos,Spuntinos,100
Tablas y Picoteos,tables and pecking,75
Maki Rolls,Maki Rolls,95
Platos fríos,cold dishes,100
Roll Envuelto en Palta,Roll Wrapped in Palta,82
Almuerzo miércoles,lunch Wednesday,94
Rolls Gourmet,gourmet rolls,96
Rolls Sushi Garden,Rolls Sushi Garden,90
Palta Rolls,avocado rolls,34
Menu Promoción,Menu Promotion,64
Bebida,drink,100
Rollos,rolls,100
Ensaladas Premium,premium salads,100
Gunkan Maki,Gunkan Maki,100
Rolls Full Premium,Rolls Full Premium,68
Ave Pechuga,bird breast,34
Bronto Ensaladas Naturistas,bronto salads naturists,100
Hot Dog,hot dog,100
Vino y Espumantes,Wine and Sparkling,70
Delicias Kento,Delicias Kento,100
Promociones del local,local promotions,85
As
Meat Rolls,meat rolls,40
Entradas Frías y Cevichería,Cold Starters and Cevichería,84
Chardonay,Chardonnay,94
Pollos,chickens,100
Promo Miércoles,Promo Wednesday,100
Nuestras Pizzas,our pizzas,100
Nikkei roll,Nikkei roll,52
Spring Rolls,Spring Rolls,100
Rolls Deluxe,Rolls Deluxe,96
Arepas,arepas,100
Makirolls,makirolls,100
Cream cheese rolls,cream cheese rolls,24
Barra Fría,Cold Bar,100
Cafetería Tradicional,Traditional café,95
Tortas,cakes,100
Hosomaki - 30% off,hosomaki - 30% off,71
Promociones de sushi,sushi promotions,91
Entradas frías,cold appetizers,56
Gyozas,gyozas,100
Vegetariano Rolls,vegetarian rolls,66
Dojos Rolls,dojos rolls,95
Especialidad en carnes,specialty meats,51
Bebidas y Salsas,beverages and sauces,100
Rolls a la Carta,rolls on demand,66
Tempuras y furay,Tempuras and Furay,93
"Promoción 2 X 1. Elige Tus 2 Pizzas Medianas, Iguales O Combinadas Y Cancela La De Mayor Valor",Promotion 2 x 2 equal 1. choose your medium pizzas or combined and cancels the higher value,72
Promo Sándwich,promo sandwich,54
Omelettes,omelettes,33
Temaki - Hand Roll,temaki - hand roll,72
Antojitos de países vecinos,Antojitos neighboring countries,94
Platos y ofertas,dishes and deals,100
Korokke,korokke,100
Rolls Makimono,rolls makimono,96
Lasaña,Lasagna,71
Uramaki especial,Special Uramaki,93
Special hot rolls,special hot rolls,36
"Carne, Pollo y Agregados",Chicken meat and aggregates,82
Chicken Wings,chicken wings,15
Promo menú,Promo menu,45
Mix Rolls,Mix Rolls,94
Rolls Env. En Salmón,env rolls. in salmon,91
Sándwich As,sandwich as,76
Rolls Envueltos en Salmón,Rolls Wrapped in Salmon,88
Californias con Queso Crema,Californias with Cream Cheese,92
Agregados extras,added extras,37
Avocados,avocados,47
Sándwich Tradicional,Traditional sandwich,95
Rolls envueltos en queso crema,cream cheese wrapped in rolls,36
Extras y postres,extras and desserts,100
Sándwich en Pechuga de Pollo,chicken breast sandwich,96
Vegetales,vegetables,47
Gohan y otros,gohan and other,88
Dips,dips,100
Postres Finos,fine desserts,100
Sándwich Vienesa,Viennese sandwich,94
California Rolls (8 unidades),California Rolls (8 units),74
Jueves,Thursday,100
Liquidos,liquids,82
Special Rolls Tempura,special tempura rolls,69
Mix Manía,Mix Mania,84
El chef recomienda,The chef recommends,100
Sándwiches completos,Full sandwiches,100
Promo Jueves,Promo Thursday,100
Cream rolls,cream rolls,38
California Lemon,california lemon,84
Roll Fritos,fried roll,90
Sándwich en Vacuno,beef sandwich,64
Envueltos en Pulpo,wrapped in octopus,97
Rolls Grandes o Futomaki,large rolls futomaki,78
Al wok,wok,66
Promociones Wow! Sushi,Promotions Wow! Sushi,100
Tequila,tequila,100
Specials Rolls,specials rolls,65
Sushis al gusto (máximo 4 ingredientes),sushi taste (maximum 4 ingredients),78
California Envueltos,california wrapped,97
Sashimi & Ceviche,sashimi & ceviche,94
Rolls Especiales (8 Unidades),Special rolls (8 units),91
Jugos y energizantes,juices and energizing,97
Roll envuelto en queso crema,roll wrapped in cream cheese,100
Menú Garcilazo,garcilazo menu,93
Pastel,pastel,100
Alitas de Pollo,chicken wings,92
Fajitas Naturales,natural fajitas,100
Sauvignon Blanc,sauvignon blanc,100
Platos Familiares,familiar dishes,100
Roll envuelto en Palta,roll wrapped in avocado,80
Churrascos Filete,fillet barbecues,77
Kebabs,kebabs,100
Agregados y salsas,aggregates and sauces,100
Maki sin Arroz,maki without rice,100
Otai Premium Rolls,Premium otai Rolls,59
Bebidas sin Alcohol,Alcohol Drinks,71
Hay sopas y cremas,There are soups and creams,100
Envueltos en Crema,wrapped in cream,97
Mi-Sushi compartido,shared my-sushi,52
Gaseosas,gaseous,80
Gohan King,Gohan King,63
Especialidades por mitades,Specialties in halves,90
Krispy Roll,Krispy Roll,95
Bronto Jamón,bronto ham,100
Hamburguesas americanas,American burgers,100
Tortillas,Tortillas,100
Tempurizados en Panko,tempurizados in panko,100
Happy Hour,Happy Hour,100
Combinación 40 piezas,Combination 40 pieces,93
Fusión Rolls,fusion rolls,46
Hosomaki envueltos en alga Nori,hosomaki wrapped in nori,89
Hosamaki,hosamaki,100
Envueltos en Nori o Panko,Wrapped in Nori or Panko,97
Línea Clásica,classic line,100
Empanadas de Queso,cheese empanadas,100
Kiraki Rolls,Kiraki Rolls,96
Lomitos,lomitos,100
Happy hour (2x1),happy hour (2x1),100
California rolls (8 piezas),California rolls (8 pieces),72
9 cortes (Envueltos en semillas),9 cuts (Wrapped in seeds),98
Guapi Rolls,Guapi Rolls,95
Dang Quesadillas,Dang Quesadillas,100
Hosomaki rolls,Hosomaki rolls,55
Canasta Barrio Santo,Barrio Santo basket,63
Fideos de arroz,rice noodles,100
Burritos y super burritos,burritos and super burritos,94
Nuggets,Nuggets,100
Roll extra,Extra Roll,95
Entradas,Tickets,100
Rollos Especiales de la Casa,Special Rolls House,72
Promoción  Mundialera,mundialera promotion,100
Para los Peques,for kids,66
Tempurizados,tempurizados,100
"Sashimi, Ceviche y Tiraditos",Sashimi Ceviche and Tiraditos,100
"Sándwiches, Wraps y Ensaladas",wraps sandwiches and salads,75
Especial Roll,Special Roll,59
Aperitivo para compartir,appetizer to share,100
Tortilla Española,Spanish omelette,94
"Mi- Sushi Celebración ""F""","micro sushi celebration ""f""",70
Platos Árabes Vegetarianos,Arab vegetarian dishes,66
Pizzas de la Casa,pizzas house,78
Platos salados,savory dishes,100
Cheese Rolls,cheese rolls,34
Promoción Especial,Special Promotion,100
Promociones Pizzas Familiares,Family Pizzas Promotions,72
Arroces y Pastas,rice and pasta,82
Promo Sábado,Promo Saturday,100
Papas fritas,french fries,100
Guapi Roll,Guapi Roll,95
Menú de Niños,Kids menu,93
Senshi,senshi,100
Platos Diarios,Daily Dishes,75
Menú almuerzo,Lunch Menu,33
Tamaki,Tamaki,100
Chaumen,chaumen,100
Roll's Fritos,roll's fried,51
Jugos Familiares 1 1/2 Lt,Family juice 1 1/2 Lt,85
Lomito 2 x 1,lomito 2 x 1,100
Tablas especiales,Special Tables,100
Carnes y aves,Meat and poultry,57
Opciones bebidas,beverage options,91
Razz vegano,razz vegan,47
Mediterráneos,Mediterranean,96
Pizza Rosse,pizza red,80
Burritos y Super Burritos,burritos and super burritos,94
Special rolls Bon,special rolls bon,63
Urakakami sake,urakakami sake,78
Rolls California Especial,california rolls special,71
Carne de cerdo,pork,52
Menú Oferta,Menu Offer,100
Chivitos de carne,chivitos meat,51
Miércoles,Wednesday,100
F. Tempura rolls,F. Tempura rolls,60
Mechada,mechada,100
Pizzas clásicas,classic pizzas,100
Tori Niku,tori niku,100
Promociones,promotions,100
Men Rui Fideos,men rui fideos,90
Platos Fondos,Dishes Funds,100
Fritanga típica colombiana,fritanga typical Colombian,100
Especiales envueltos,wrapped Special,48
Otros platillos,other dishes,88
Daisuki Rolls,Daisuki Rolls,96
Para Disfrutar,to enjoy,100
Yukimi pizzas,yukimi pizzas,46
Avocados Roll's,Avocados Roll's,54
Especialidades,specialties,100
Pizza Bianche Italiane,Pizza White Italian,79
Combinaciones OISHII,oishii combinations,100
Especialidades del Rincón de Carnes,eating meat specialties,70
Razz peruano,Peruvian Razz,100
Brochetas,skewers,37
Entradas frías y calientes,cold and hot appetizers,75
Salsa Toro Toro Gourmet,Toro Toro Gourmet Salsa,73
Pulpo,octopus,100
Para Acompañar,to accompany,100
Bebidas Familiar 1 1/2 Lt,Familiar Drinks 1 1/2 Lt,100
Rolls envueltos en Almendra,rolls wrapped in almond,98
Carne de Vacuno,beef,66
Razz delux,razz delux,50
Hamburguesas Artesanales Rellenas,handmade stuffed burgers,61
Pescado,fish,100
Sándwiches Livianos,Lightweight Sandwiches,68
Carnes y otros,meats and other,100
Dulces árabes,Arabic sweets,100
Pizzas especiales,Specialty Pizzas,100
Especialidad Salmón,specialty salmon,60
Antojos,Cravings,100
Sanguches para niños,Children sandwiches,25
Hosomaki new style,hosomaki new style,41
Arroces y pastas,rice and pasta,82
Rolls Fusion,Rolls Fusion,84
Picoteos Banzai,picoteos banzai,100
Pizzas Artesanales,artisanal pizzas,100
Nikkei,Nikkei,100
Cheese Cream Rolls,cream cheese rolls,39
Cuarto Caliente,Fourth Caliente,100
Menús Especiales,Special menus,94
Envuelto en Queso Crema,cream cheese wrapped in,47
9 Cortes (Envueltos en masago),9 Cortes (Wrapped in masago),98
Vienesas Chicas,Viennese Girls,68
Tragos,Tragos,100
Tempura y Furai,tempura and furai,100
Rolls vegetariano,vegetarian rolls,94
Cocteles Preparados,prepared cocktails,92
Handroll,handroll,100
Sashimi,sashimi,100
Especial Roll 8 Piezas,Special Roll 8 Pieces,75
Rolls Envueltos en Salmón o Pulpo,rolls wrapped in salmon and octopus,95
Rainbow Rolls,Rainbow Rolls,96
More Hot Rolls,more hot rolls,28
Elige tu pizza,Choose your pizza,100
Para Compartir,to share,100
Infusiones,infusions,100
Sándwiches gourmet,gourmet sandwiches,100
Sushi nikkei,Sushi Nikkei,91
Roll vegetarianos,roll vegetarian,90
Pizzas Malón,malón pizzas,100
Hand rolls,hand rolls,41
Menú Hora de Almuerzo,lunch menu,87
Cafés Fríos,cold coffees,100
Recomendaciones del Chef,Chef Recommendations,90
Salsas,sauces,100
Otros Platillos,Other Cymbals,100
Rollos envueltos en Nori,Wrapped in Nori Rolls,63
Salados,salted,92
Especial Salmón,Special Salmon,50
"California Rolls cubierto Sésamo, Ciboullet o Masago",california rolls covered ciboullet sesame or masago,83
Agregados Speciale,aggregates speciale,100
Cortes de carnes grilladas,grilled meat cuts,76
8 cortes (Envueltos en nori),8 slices (wrapped in nori),82
Margaritas,daisies,100
Nuestros postres,our desserts,100
Sánguches de la casa,sandwiches house,70
Itamae fusión,itamae merger,100
Nos volvimos locos,We were so excited,100
Arroces y Acompañamientos,rice and accompaniments,92
Sanguches de filete de vacuno,beef steak sandwiches,53
Rolls Especial,Rolls Special,83
Nuevas Pizzas,new pizzas,100
Rolls tipo California,California Rolls type,60
Big Sandwiches,Big Sandwiches,68
Temaki (Hand Roll),Temaki (Hand Roll),77
Shawarmas,shawarmas,100
"Vacuno, Pollo, Cerdo",Beef Chicken Pork,55
Hosomaki Pequeño,hosomaki small,94
2x1 en Sushi,2x1 Sushi,47
Promoción 2 Personas,Promotion 2 People,100
Gastronomía peruana ceviches,Peruvian cuisine ceviches,46
Sándwiches Tradicionales,traditional sandwiches,69
Gyosa,gyosa,100
Roll´s de la Casa,Roll's House,26
Sandwich Altoque,Sandwich altoque,50
Completos y As,Full and As,96
Bushido Rolls Queso Crema,Bushido Cream Cheese Rolls,62
Futtumaki,futtumaki,100
"Sopas, Arroz y Ramen",Soups Rice and Ramen,75
Bebidas y Agregados,beverages and aggregates,100
Sugerencias premium,premium suggestions,100
Sesame,sesame,61
Bocados fritos,fried snacks,64
Charcutería,charcuterie,100
Appetizer Caliente,hot appetizer,77
California Roll´s,California Roll's,83
Piezas,pieces,100
Parrillas,grills,100
Combinaciones W Sushi,Combinations W Sushi,100
***Promoción Solo Hoy***,*** Promotion *** just today,80
Rolls Env. En Palta,Rolls Env. In Palta,97
Ayúdanos a ayudar,Help us to help,100
Gohan´s,Gohan's,76
Entradas y piqueos calientes,tickets and hot snacks,84
Ensaladas Sugeridas por el Chef,suggested by the chef salads,54
Menú colaciones,snacks menu,45
Sándwich Sugerencias del chef,Sandwich-Aways,94
Jugos de frutas,fruit juices,86
Rolls clásicos Bon,bon rolls classics,76
Hosomki,hosomki,100
Hako Sushi,hako sushi,100
California roll,California roll,100
Menú Infantil,children's menu,100
Nuestras Conbinaciones,Our COMBINATIONS,40
Bushido Hot Panko Rolls,Bushido Panko Hot Rolls,74
Aceites y Vinagres,oils and vinegars,100
Rolls en Salmón (8 trozos),Rolls in Salmon (8 pieces),79
Coctel por ciento,Percent cocktail,68
Desayunos,Breakfasts,100
Premiun Rolls,premium rolls,44
Arma tu Pizza,build your pizza,58
Ensaladas a tu pinta,Salads your pint,89
Furray,furray,100
Ármalo,I Build It,101
Rolls Tempura,Tempura Rolls,96
Rincón de Mariscos,Rincón de Mariscos,100
Botanas,snack,37
Pizzas Internacionales,international pizzas,100
Cream Cheese,cream cheese,34
Aperitivos,snacks,100
Whiskey,whiskey,92
Rolls envuelto en salmón,wrapped in salmon rolls,66
Quicheé,Quicheé,100
Los Más Pedidos,Most Orders,47
Los Lomos,chines,71
Promociones cortes calientes,hot promotions cuts,72
Platos salteados,sauteed dishes,100
Bebestibles,beverages,44
Futo,Futo,100
Premium rolls,premium rolls,51
Temakis y Hosomakis,Temakis and Hosomakis,100
Menús Promocionales,promotional menus,100
Tiro Libre,free kick,100
Fish and chips,fish and chips,15
California Rolls Especiales,Special california rolls,96
Envuelto en Pollo,chicken wrapped in,64
Te y Café,Tea and Coffee,76
Especial mixto,Joint Special,58
Especialidades Tradicionales,traditional specialties,100
Queso Crema Rolls,cream cheese rolls,55
Hielo y otros,ice and other,96
Arroz Frito,fried rice,100
BrontoAs y Hot Dog,brontoas and hotdog,100
Buta Niku,buta niku,100
Salmon Rolls,salmon rolls,32
Cheese Roll,cheese roll,32
Ave Lomitos,Ave Lomitos,100
Acompañamientos japoneses,Japanese Accompaniments,100
Sushi Special Rolls,special sushi rolls,62
Rolls en Panko Fritos,rolls of fried panko,90
Rolls Exclusivos,Exclusive rolls,90
Ikiru empanadas,ikiru pies,60
Salchipapas,salchipapas,100
Tutto Promociones,tutto promotions,64
Especial rolls,Special rolls,54
Sushi Rolls,Sushi Rolls,100
Combinaciones Sushiro,Combinations Sushiro,100
Especial rolls tempurizado,Special tempura rolls,33
Arroz Caliente,hot rice,100
California (8 cortes),california (8 slices),80
***Promoción Sólo Hoy***,*** Promotion *** only today,81
Fajita,fajita,100
Rolls Tempura o Panko,rolls tempura or panko,91
Kalifornia Rolls,Kalifornia Rolls,96
Special Rolls,special rolls,53
Sugerencias del chef peruano,Suggestions Peruvian chef,100
Para Comer a Cualquier Hora,To Eat Anytime,72
Postres y Cafetería,desserts and coffee,80
Para los Aperrados,for aperrados,87
Appetizers fríos,cold appetizers,76
Rolls,rolls,90
No quiero roll,Do not want to roll,77
Sándwich Japonés,Japanese sandwich,94
White Rollls,White Rollls,48
Promoción Entre Amigos y Familia,promotion among friends and family,95
Sake rolls - 30% off,sake rolls - 30% off,45
Nepal Rolls,Nepal Rolls,95
Home Box,Home Box,100
Bebidas/Jugos,drinks / juices,92
Appetizers Fríos,cold appetizers,76
Platos de fondo,main dishes,48
Otros platos,other dishes,100
Rolls envuelto en tempura o panko,rolls wrapped in tempura or panko,97
Appeteizer calientes,Hot appeteizer,92
Súper razz,super razz,90
Pollo a la brasa,grilled chicken,74
Premium Bushido Rolls,Premium Bushido Rolls,82
Especialidades Appetizer,appetizer specials,72
Roll caliente,hot roll,89
Lemon Nikkei rolls,Nikkei lemon rolls,48
Almuerzos Saludable,healthy lunches,97
Otros Envueltos,others involved,66
Picoteos,picoteos,100
Sandwiches de Jamón,ham sandwiches,92
Tablas Sushi,sushi tables,88
Gyozas Tempurizadas,tempurizadas gyozas,100
Shawarmas al plato,Shawarmas pigeon,76
"Rolls en Sésamo, Ciboulette o Masago",Rolls in Sesame Ciboulette or Masago,94
Platos Club,club dishes,84
Pizzas Familiares y Especiales,family and special pizzas,76
Bushido Rolls Palta,Bushido Avocado Rolls,61
Chicharrones aromatizados y anticuchos,chicharrones and flavored kebabs,55
Sopas calientes,hot soups,100
Para Comenzar,to start,100
Razz combo menú,razz combo menu,43
Postres Mexicanos,Mexican desserts,94
Platos Individuales,individual plates,89
Tempura o panko,tempura or panko,100
Empanadas sin queso,Empanadas without cheese,100
Ensaladas naturistas,salads naturists,100
Fondos y clásicos,funds and classic,97
Rolls Calientes Apanados (8 bocados),breaded hot rolls (8 snacks),77
Ensaladas Internacionales,international salads,100
Panes,breads,100
Sashimi - 30% off,sashimi - 30% off,69
Razz papas,razz potatoes,36
Roll Furay o Apanado,Roll Furay or Breaded,88
Cebiches,cebiches,100
Tablas,draw,15
Uramaki Especial (10 unidades),Uramaki Special (10 items),77
Comida Peruana,Peruvian Food,100
Pizzas armadas,Armed Pizzas,92
Bocadillos hot,hot sandwiches,70
Arrollado,rolled,100
Combinaciones Sushi,Combinations Sushi,100
Sakanatataki,sakanatataki,100
Helados Savory,savory ice cream,75
"Churrasco, lomito, ave, hamburguesa.",Barbecue lomito hamburger bird.,75
Panko o Tempura,panko or tempura,100
Cuarto frío,cold room,100
Natura Rolls,Natura Rolls,96
Sanguches vegetarianos,vegetarian sandwiches,82
Rolls Calientes Banzai,hot rolls banzai,93
Jugos en Agua,Juice in Water,96
As o hot dog,ace or hot dog,100
Nuevas Promociones,new developments,55
Appetizer (Entradas Frías) y Platos Calientes,appetizer (cold appetizers) and hot dishes,70
Arma tu Telepizza,Build your Telepizza,71
Envueltos en queso crema,Wrapped in cream cheese,92
Cream rolls - 30% off,cream rolls - 30% off,40
Roll Mixtos,mixed roll,81
Promo Manía,Promo Mania,86
Fetuccines,fetuccines,100
Gourmet,gourmet,33
Frankfurters,frankfurters,18
Menú Kanpeki,Kanpeki menu,84
Pizza Promozione,Pizza Promotion,100
Rolla Apanado Panko,rolla panko breaded,65
Los clásicos de siempre,the classics,70
Pizza Tradicional,Traditional Pizza,94
Sandwiches Naturistas,Naturist sandwiches,88
Tutto Sabores,Everything Sabores,100
Nikkei rolls,nikkei rolls,48
Gyozas Gourmet,gourmet gyozas,100
Tutto Clásicas,Everything Clásicas,100
Completo 25 cm,complete 25 cm,72
Roll envuelto en Mixto,roll wrapped in mixed,95
Añade tu Complemento,Add your Complement,100
Promoción Illadi,Promotion Illadi,100
Comida Mexicana,Mexican food,93
Razz sashimi,razz sashimi,58
Menú Hora del Almuerzo,lunch menu,85
Dinner,dinner,20
Especialidades Gourmet,gourmet specialties,100
Colación,collation,100
Hay postres,There desserts,100
Promociones Sky,Sky Promotions,100
Pescados y ensaladas,fish and salads,97
Desserts,desserts,26
Californias envueltos en Sésamo,californias wrapped in sesame,95
Promoción Mundialera,mundialera promotion,100
Sashimi 12 Cortes,sashimi 12 cuts,100
Carmener,carmener,100
Hot rolls,hot rolls,32
Cerdos,pigs,100
Sándwiches tradicionales,traditional sandwiches,69
Para picar y compartir,To chop and share,100
Gigas Burger,Gigas Burger,88
Arma tu roll,Build your roll,60
Sashimi (7 cortes/ 15 cortes),sashimi (7 cut / 15 cuts),91
Especial Rolls *,Special rolls *,62
Especialidad boricua,Puerto Rican specialty,68
Premium Rolls **,premium rolls **,60
Hanami Rolls,Hanami Rolls,96
Especialidades de pollo,chicken specialties,100
Smoothies de Frutas,Fruit smoothies,66
Las Chorrillanas,the chorrillanas,100
Helados Bresler,Bresler ice cream,86
Razz california,razz california,100
Ofertas familiares,Family offers,94
Pastas y Salsas,pastas and sauces,100
Bronto Ave,Bronto Ave,100
Cajita Chicky,chicky box,69
Sugerencias del Chef,chef's suggestions,90
Salad Japanese,japanese salad,70
Postre y Bebidas,dessert and drinks,100
Ensaladas Tradicionales,traditional salads,100
"Quiches, crepes salados y omelettes.",quiches and savory crepes omelettes.,77
Menú oferta,offer menu,88
Tradicionales,traditional,91
Snacks Salados,Salty Snacks,92
Licores,Liquors,100
Menú para compartir,share menu,100
Comidas Calientes,Hot Meals,100
Envueltos en salmón,Wrapped in Salmon,97
Tostadas/ Tapaditos,toast / tapaditos,97
Entradas y sopas,appetizers and soups,64
Futomaki,futomaki,100
Solo de 12 a 18 Hrs,only 12 to 18 hrs,83
Sashimi fuzion,sashimi fuzion,100
Sándwiches chivitos,sandwiches chivitos,100
2x1 en rolls,2x1 rolls,101
Dulces Árabes,Arab Sweets,92
Rolls Envueltos en Queso Philadelphia,rolls wrapped in philadelphia cheese,90
Otros Fritos,Other Fritos,100
Arma tus rolls,Plan your rolls,64
Vip Rolls,vip rolls,52
Fish House,Fish House,100
Entradas Tandoor,tandoor tickets,100
Picoteos Especiales,Special pecking,91
"Rolls envueltos en palta, salmón o queso crema",rolls wrapped in avocado salmon or cream cheese,83
Extras,extras,100
Gastronomía peruana entradas,Peruvian cuisine tickets,44
Nikkei y del Chef,Nikkei and the chef,90
Combinaciones de Rolls / Promociones,combinations of rolls / promotions,98
Pizzas Promoción,pizzas promotion,58
Promociones 2,2 promotions,84
Café,coffee,100
Bowls,bowls,80
Tempura y panko rolls,Tempura rolls and panko,60
Old School Rolls,Old School Rolls,43
Combos La Rotonda,Combos La Rotonda,100
Al Gusto,to taste,100
Rellenos,Fillings,100
Hotdogs,hotdogs,100
Pastas del Emporio La Rosa,Pasta Emporio La Rosa,89
DD Combos,DD Combos,100
Nikkei Ceviches,Nikkei Ceviches,100
¡Sólo por hoy!,Just for today!,86
Jamón,ham,100
Pote,jar,22
Pizzas Diavola,pizzas diavola,88
Combinaciones o Sugerencias,combinations or suggestions,100
Lunch Club,Lunch Club,40
Promoción Almuerzo,Lunch Promotion,100
Sándwich clásicos,classic sandwich,97
Sangría,bleeding,100
Japón,Japan,100
Pizzas Retro,retro pizzas,100
Risottos,risottos,80
Pollos & Parrilladas,Chickens & Grills,89
Tablas para compartir,Tables to share,100
Syrah,syrah,100
Antipasto,appetizer,100
Antipasti,appetizers,100
Razz salsas,Razz sauces,100
Envuelto en salmón,wrapped in salmon,100
Appetizers para compartir,appetizers to share,84
Pastas Frescas,fresh pasta,92
Rolls envueltos en palta y salmón,rolls wrapped in avocado and salmon,82
Vinos,wines,100
Chorriwarmas,chorriwarmas,100
Menú Yokomo,Yokomo menu,83
Bushido Mixtos,bushido mixed,66
Fusion Rolls,fusion rolls,34
Opciones Promos,Options Promos,100
Especialidades de la Cocina Caliente,Hot kitchen specialties,91
Mercadito de Doña Arepa,Mercadito Dona Arepa,93
Tori Rolls envueltos en Pollo apanado en Panko,tori rolls wrapped in chicken breaded in panko,79
Nuevos sandwich premium,new sandwich premium,54
