salt,15595
sugar,12274
water,10210
butter,8339
vegetable oil,7481
olive oil,5645
brown sugar,2729
heavy cream,1752
baking powder,1743
green pepper,1645
cumin,1590
baking soda,1586
powdered sugar,1509
onion powder,1060
chili powder,940
hot sauce,924
kosher salt,906
sea salt,700
curry powder,678
garlic salt,565
turmeric,555
lemon zest,545
half and half,543
dark sesame oil,420
shortening,391
cake mix,383
syrup,371
sauce,365
balsamic vinegar,364
cider vinegar,351
sesame seed,351
allspice,340
dill weed,339
tarragon,311
chives,300
chilli,294
seasoning,261
nonstick cooking spray,258
liquid smoke flavoring,223
cool whip,214
ranch dressing,211
splenda,197
bread flour,195
italian seasoning,188
evaporated milk,176
leaves,173
zest,169
sugar substitute,167
whipped topping,167
unflavored gelatin,158
old bay seasoning,153
california,147
chili paste,145
seeds,145
beans,144
instant coffee,127
prepared pizza crust,126
onion soup mix,126
egg substitute,122
spices,118
triple sec,118
tequila,117
chinese five spice powder,115
pie crust,114
sriracha sauce,109
sherry vinegar,100
msg,69
pancake mix,42
baileys,41
cocoa butter,41
of a,40
glace cherries,40
pimento,40
bitters,40
tbsp of,39
adobo seasoning,39
vanilla pudding mix,36
vanilla instant pudding mix,35
green tea bags,32
beets,86
daikon radish,78
kool aid,26
heavy cream,86
toffee baking bits,20
chutney,29
seltzer water,15
coke,100
thyme,100
sausage,340
nonstick cooking spray,201
seeds,114
sugar substitute,59
tbsp of,56
stuffing,34
of a,27
toothpicks,22
sweet and sour mix,18
thyme,1397
baking powder,1175
baking soda,945
curry powder,920
kosher salt,673
coffee,660
chilli,638
dill weed,561
garlic paste,530
garlic salt,512
nutmeg,484
sage,443
sesame seed,443
liquid smoke flavoring,406
cider vinegar,402
unflavored gelatin,402
seasoning,369
powdered sugar,329
soup,309
condensed milk,295
leaves,199
allspice,184
roll,151
semisweet chocolate,144
cola flavored carbonated beverage,140
grapes,139
tea bag,128
lime zest,121
elbow macaroni,119
sugar snap pea,98
red beans,96
lasagna noodle,95
blue cheese,95
watercress,94
poultry seasoning,94
endive,87
caraway seed,83
zest,83
beer,101
beers,101
juice,101
juices,101
brandy,101