Niguiri Otate,mi
Kbzon Roll,en
Menú 8 Piezas,es
Temaki Tako Spicy,pt
Crispy Roll,en
Salsa Asiática,es
Lasagna,en
Sashimi Maguro,en
Patagonia Roll,cy
Tempura Light,en
Yakimeshi,sw
Avocado Kani,tl
Sake ebi,en
Coca Cola ,gl
Sevillana,es
California Tori,en
Salsa Katsu,et
Pan blanco básico,es
Turo Roll,en
California Cheese,en
Masago,so
Tonkatsu Roll,en
Nigiri Tuna,jw
Ebi Roll   ,en
Niu IV (3 Personas),es
Diente solo,es
Sake Gratinado,pt
Latas,es
Minicalzone Jamón,es
California Ebi,en
Fresh roll,en
Condell,it
Lomito Luco,it
Apanados camarón,es
Chilena,es
Ají de Gallina,es
California Palmito ,pt
Bajiru Roll,en
Barros Jarpa,es
Cheesecake Salsa Dulce de Leche,es
Tempura Maki,en
Gohan,es
Cheescake Roll,en
46.- Maki Tempura,en
Sashimi,en
Ebi Teriyaki Roll,en
Temaki Maguro,pt
Capresse Burger,en
Níu Maki,is
Familiar,en
2 Personas (26 piezas),es
Merlot,en
2 Pizzas Familiares de 3 ingredientes + Bebida 1.5 lts.,es
Yakitori,vi
Especial de la casa,es
Lomito Luco,it
103- Chicken Katsu,et
Fresh Pepino,es
Maxiqueso,fr
Tori Katsu ,et
1 pizza mediana de 3 ingredientes,es
Tabla Vegetariana,es
Furai Roll,en
Española,es
Completo,es
Uramaki especial ebi,gl
Gamberetti,it
California Ebi Cheese,en
Yakimeshi,sw
Miyagi Roll,en
Nori Tempura,lt
Baclawa,cy
Caviche Sake Ebi,en
Sake,en
Masago,so
Tori Avocado Roll ,en
Grandiosa,it
Tommybra Roll ,en
California Nut                                      ,en
Arroz de mariscos,es
Bajiru Roll,en
25.Katsupal,ny
Empanadas Niu de Verduras,es
California Ebi Crispy,en
Red Roll,en
Otate Maki,ms
7 Up 2 Lts.,en
California Nut                      ,en
Condori Helado,es
Ebi Maki,en
Futomaki Teriyaki Rolls,en
Empanadas de pino ,es
Maren Maki,da
Sake ebi furai,en
Maximilian Roll,en
Guille Roll,es
Mini roller BBQ Tocino,es
Javi Roll,en
Florentina,ro
Aros de cebolla,es
Hosoebi,st
Hosomaki ebi,en
Arroz salteado    ,es
Menú 19 Piezas,es
Tabla Mixta,es
Sashimi Appetizer ,en
Envoltura de palta ,es
Gonzi Roll,mt
Tori Roll,en
"Relleno: camarón, palta y queso crema (Q2)",es
Yakisoba,zu
Sashimi Tako,sl
California Makimono,en
Kappa Maki,en
Sake crab,en
Chilean Roll,en
Cebiche Nikkei,es
Griego,es
Ikafurai,sw
"Jamón, Queso y Palmito",es
Orange Lata,en
Pollo Tsurai,es
Minicalzone Carne,es
Cream surimi,fr
Chapsui con Carne de Cerdo,es
Aburi,ro
Sake cheese,en
Mix Tempura            ,en
Yakimeshi Especial,es
166. Yakimeshi,sw
Como las Berenjenas,es
Ebi Furay,so
Kappa Maki,en
Sandwich Rapido y Furioso,es
Gohan House,en
Tako Panko Roll,es
2 Personas (38 Piezas),es
Superior,es
Menú 4 ,es
Beto Maki,pt
Salsa Asiática,es
Salsa Unagi,jw
Sandwiches Holanda,en
Bebidas 355cc,es
Gohan ,es
63 Smoke Rolls,en
Gohan,es
Chaumin con Pollo,es
Champiñón,eo
House Roll,en
California Ebi,en
Minicalzone Carne,es
Beyonce Roll,en
Pizza mediana hasta 4 ingredientes,es
Unagi Roll,jw
Cevichado Roll   ,en
Masago,so
House Salad,en
Nigiri Ebi ,jw
Lotto Roll,en
White Roll,en
Delicada,es
Dragon Roll Z,en
Guille Roll,es
Ceviche Roll    ,es
015 Unagui,sw
Atún,es
Cebolla y Aceitunas,es
Camarón ecuatoriano,es
Tako Ebi,sl
Chicken Salad,en
1 pizza mediana de 3 ingredientes,es
Kurosawa Rolls,en
096 Selección furai,es
Conchali,it
Fideos de Arroz con Verdura,es
Maxiquesos,ca
Palta       ,es
House Roll,en
Cheesecake Salsa Frutilla,es
Sashimi Pulpo,es
Temaki Maguro,pt
Canada dry                  ,en
Ligure,it
California Sake,en
Makisake Rolls,en
Ebimaki,ig
Chirashi Premium,en
Combo 4,en
Ebi Cheese Furay,so
Capresse Roll,en
Gyosas,hu
Sake Roll,en
Spinach Artichoke Dip,en
"Choclo coctel, palta y cebollìn",es
Pulpo                ,es
Sake tori,en
1 Pizza XL de 3 ingredientes + Bebida 1.5 lts.,es
Hamburguesa a lo pobre,es
2 pizzas lasaña,es
4. (28 piezas) 2 personas,es
Salsa Ponzu,es
Smothered Cheese Fries,en
Turo Roll,en
Minicalzone Jamón,es
Tako Roll,sl
Ceviche de reineta,es
Tujez,cs
California Natura,en
36 Kariño Roll,eu
Salmón,es
Zen roll ,en
Koroke Sake,mi
Barros Jarpa,es
Turo Roll,en
Grandiosa,it
California Edo,eu
Sashimi Niu,en
Acelga Vegetariana (18 unidades),gl
Otate hot roll,en
Itálica,es
Tempura Ebi Cheese,en
Gyozas (6 unidades),gl
Pequepizza,es
6 Personas (90 piezas),es
Lomito Luco,it
Pequepizza,es
28.Fungi (vegetariano),en
Hosomaki espárragos,es
Trucha loin premium,es
Hot Dog Italiano,en
Jugos Néctar,es
Arrollado Jamón Queso ,es
Bebidas,es
White Roll,en
Promoción válida sólo Domingo: 3 pizzas medianas hasta 3 ingredientes ,es
4 Personas (52 Piezas) ,es
Sake Roll,en
Cheese Roll,en
Vegetariano,pt
054 Tako shiru,ha
Otate Cheese,en
Sprite,en
46. Niguiri Tako,sl
Ceviche de Mariscos al Cilantro,es
Lomito Luco,it
Tako,sl
Megami Rolls,id
Onion BBQ,en
18. Kani Cheese,en
Gyozas de Pollo,es
California Fresh,en
Furay Roll,so
Tempura Ebi (8 unidades),gl
Furai Roll,en
Chicken Roll,en
Plateada con Agregado,es
Andre Roll,no
Gyozas de Champiñon Queso Crema,es
Kimura Vip (100 Piezas),es
Promoción 7,gl
Salsa Orimushi,es
Volcano Roll,en
Chirashi Niu,en
California Tako,en
Chicken Loaded Potato Skillet,en
El campesino,es
Mini roller BBQ Cebolla,es
Bagel Roll,en
Camarón Si Chiu,es
Chahan Nikkei,en
Sopa I Fu Min,it
Salmón,es
2 pizzas medianas de 3 ingredientes,es
Yakimeshi camarón,es
Palta Rellena de Pollo,es
Gyosas de Camarón,es
Sashimi Pulpo,es
Yakitori (3 unidades),gl
Cream Roll,en
Ceviche Sour   ,es
Bebida individual,pt
Minicalzone Champiñón,eo
Para 3 Personas B (36 Piezas),es
Zinger Italiano,vi
54.- Avocado Ebi Cheese Roll,en
Torimeshi,sq
Tori Furay,so
Bailey's Roll,en
Bambino,it
Empanada de Champignon y Queso,es
Atún,es
Furai Spring,en
Tempura Sake   ,en
Grissines Trjillo ,en
Gohan,es
Antojitos Para Dos o Tres,es
Café Ristretto,it
Salsa Katsu,et
Razz wraps 85,en
Barrio Santo,es
Tako Roll,sl
115 Yakisoba,sw
Paris,fr
Oyako Don,ig
6 Personas (90 piezas),es
I Pizza Familiar de 3 ingredientes + Bebida 1.5 lts.,es
Temaki Ebi,pt
Sake Maki,en
Gyosas de Verduras ,es
Tacu Tacu de Mariscos,lv
Coca Cola ,gl
Hawaiana ,es
Sashimi Appetizer ,en
Yakisoba,zu
Orly Roll,en
Mozzarella Caprese,it
Gohan House,en
50. Tori tempura roll,en
California Tempura,en
Furay Roll                  ,so
Capresse Roll,en
Tako Rolls,en
Barros Jarpa,es
Tonkatsu Roll,en
Grandiosa,it
24) Cheese tery roll,en
Familiar,en
Iro Salad,en
California Tori      ,en
Pollo Tsurai,es
Palmito Atún,es
Shumai,sq
Tiko Rolls,en
Yakimeshi,sw
Chilena,es
Pequepizza,es
Nigiri Maguro,jw
Wafles caseros con syrus de miel,es
Pizza Sicilia,it
4 Estaciones,es
Rai Roll,en
Razz 56,pl
1 Hosomaki,st
Teriyaki,en
Sake Furay,so
Queso con Champiñon,es
Miyagi Roll,en
Vegetarianas,es
Tori Don,en
Empanada de pollo,es
Hosomaqui,pt
Ebi Gyozas,en
Niu Roll,en
17. Natura,it
Palta Seba Maki,sk
Tako Roll,sl
Cheese tori,en
Bebida 1.5 Litros,es
Especial de la casa,es
Rellenos,es
Koroke de Jaiba,yo
Mediterránea,es
Beto Maki,pt
Champi Furai Roll,jw
Masago Cheese,so
Arroz verde con pollo,es
Tako Roll,sl
Elige 1 de las 3 Nuevas Pizzas + 3 Litros de Pepsi ,es
House Tilapia,en
Bebidas en lata,es
Torta Imperial de Chocolate,en
095 Camarón furai mozzarella,es
Pizza familiar hasta 4 ingredientes,es
Shawarma,da
Minicalzone Jamón,es
Arroz a la Mexicana,es
Ensalada a tu Gusto,es
Rock & Roll,en
Ebi Furay ,so
Ebi Tempura Roll,en
Avocado Roll,en
Pulpo al olivo cevichera,es
Jalisco,es
Crispy Roll,en
Akita Roll,en
Albahaca Roll,es
California Nut.,en
81. Furay Ebi,so
Tempura Mix (8 Unidades),gl
Plato de arroz,es
Mini roller BBQ Choricillo,en
Kaki,id
Shrimp Salad,en
Mechada Luco,es
New York Meat Lovers,en
Ibérico,es
Home Big Pollo Full,en
California Sakana,mg
4 Quesos,es
Italia,it
Sebi Roll,en
Palta Seba Maki,sk
Superior,es
"Pollo Relleno Deshuesado con Curanto o Verduras o Piña, Tocino y Jamón.",es
Sándwich Churrasco,pt
California Maguro,en
45.- Fresh Salmón,es
Sake Cheese Roll,en
Green Peace,en
Otate Roll,en
Minicalzone Jamón,es
Ebi Maki,en
California palmito,pt
Delicada,es
Kani Maki,tl
Minicalzone Carne,es
Spaghetti alla Vongole,it
Sashimi Appetizer ,en
Light Roll Garden Roll ,en
72 Smoked Roll,en
62. Yakimeshi pollo,es
Cerdo Mongoliano,es
Rodeo,en
California Makimono,en
Pimentado extra,en
47. Takotte,mi
"Salmón, queso y aceituna o palmito",es
13 Avocado Surimi,fr
Palitos de ajo,es
Ke Banquetazo Mega,id
Palta ,es
Sashimi Mixto,es
Salmón Laminado Carpaccio ,es
Bebidas 1.5 Lt,es
Triologia Niu,en
Sakekani,jw
Salmón,es
Delicia Roll,pt
Nigiri Maguro,jw
Chivas Regal,es
Big Pollo,en
Kross,et
98. Camarón Spicy,es
Nigiri camarón ,jw
17 Avocado Sake,en
2 X 1 Pizza Mediana,es
Mediana,es
Margarita Mango,es
A la Crème,fr
Ika Furai,jw
47. Niguiri Unagui,sw
Corvina Papillot,hu
Pan de Ajo ,es
Ebi Roll,en
Promoción válida sólo Domingo: 3 pizzas medianas hasta 3 ingredientes ,es
Combo Doble Crispy Clásico,es
Tilapia                       ,en
California EBI ,en
Sake Maki,en
1 Pizza Personal de 3 ingredientes + Lata Bebida,es
Ebi Cheese Maki,en
Nigiri Maguro,jw
Empanadas de pino ,es
Gohan ,es
California Mango Camarón,es
Pequepizza,es
Ebi Roll,en
Chicken Box Snack,en
Salchipapas,tl
Barros Jarpa,es
Chicken Roll,en
7 Arrollado primavera,es
Tabla B,es
Palta,es
J (24 Unidades),gl
Chacarero,ga
2 Personas (26 piezas),es
23 Tery Roll,en
Sashimi Maguro,en
Avocado Cheese Roll,en
House Tilapia,en
Jalisco,es
Brochetas Yakitori,es
Surimi Maki,fr
Smook Maki,af
Refrescos de lata,es
Chirashi,uz
Atún,es
Kani maki,tl
Maschio,it
California Unagui,en
Marshell rolls,en
Sake cheese nut,en
2 Pizzas Familiares de 3 ingredientes + Bebida 1.5 lts.,es
Alitas de pollo,es
A la Crème,fr
Ginger Ale 1.5,en
Ke Banquetazo Mega,id
Onion BBQ,en
2 Pizzas Familiares de 3 Ingredientes+ Bebida de 1.5 lt. ,es
Otate Rolls,en
Kappa Maki,en
Cebiche de Pescado,es
Corvina en salsa de Alcachofas,es
Seminario,gl
California Gabba,en
Chapsui Especial,es
Smoked Rolls   ,en
Sake maki,en
Spicy Tempura,en
Minicalzone Jamón,es
92.- Kinoko Tempura,en
Alitas de pollo,es
Hamburguesa,es
Durazno,es
Callifornia Sake                  ,en
Nigiri Crab,jw
Ristretto,it
California Ebi Cheese Tempura                   ,en
Marine Roll,en
Tori Sake Rolls,en
42. Furay Sake Hum,so
Yakimeshi,sw
Tori Roll,en
Tempura sake cheese roll,en
Brochetas de Pollo,es
California tempura ebi cheese,en
Onion BBQ,en
Chilena,es
Martin fierre,en
Sake Tempura,en
Rainbow Roll,en
43 Mateo Roll,en
Puré,es
Camaron Fuyon  ,es
9. Queso,es
Oriental,en
Minicalzone Jamón,es
Pizza familiar hasta 4 ingredientes,es
Palta,es
Tori Roll,en
Club Pack Sushi - 86 piezas,es
Tabla 36 cortes,es
Sake Green,en
Sashimi Appetizer ,en
Beto Maki,pt
109 Caesar,en
Jauro,ha
Tres son multitud (56 piezas),es
La Bella Reggina,it
15 California Kosho,en
Empanadas de pino ,es
Chicken Karaage,mi
Mozzarella eby,en
Sashimi mixto,es
Vegetarian Thai     ,en
Miyagi rolls,en
Pollo Yakitori,vi
Pizza 32,en
42 Piezas,es
Roll's tempura curry B,en
Familiar,en
Ebi Cheese Especial,en
Ebi Sake roll ,en
Sake maki,en
Gran bife de chorizo premium,es
Smoky Roll,en
Ebi Furay,so
Unagui Hot,en
F5 Sake furay,so
Salsa Tare,ro
Salmón,es
California Pulpo,es
California Natura,en
Razz 78,pl
California ebi,en
Chicken Furai Roll,en
Cebiche de Camarones a la Piedra,es
Café,pt
Yakimeshi Especial,es
Churrasco Tomate,pt
NG4003 Nigiri Unagui,jw
Salmón teriyaki,es
California Maguro,en
Liviana,es
Avocado Roll,en
10 Tori Furay,so
Koroke de Jaiba,yo
Nevado,es
Sashimi Tako,sl
Barros Jarpa,es
Gohan ,es
Arrollado de jamón y queso,es
California green,en
Rodeo,en
California Maguro,en
Promoción Súper Extra,es
Maxiquesos,ca
Superior,es
10. California Ebi Cheese,en
Bagel Roll,en
3.California sake ebi,en
Chirashi Niu,en
Superior,es
Ebimaki,ig
82 Hosomaki Sake Maki,en
Completo italiano,it
Avocado Pollo Light,en
Spicy Maki,en
Tori Don,en
Soya 40 ml,en
16 Sándwich vegetariano,es
Sashimi Tako,sl
Beto Roll,pt
Individual,en
Ciboulette Tempura,fr
Avocado Roll,en
Nigiri Tako,jw
Cerveza Cristal Zero,es
084 Full roll,en
Tagliatelle Salsa Ragu,id
Chilena,es
Rodeo,en
Crab Maki,en
71 Ebi,en
Sake Pollo,es
30+10 tempura,en
Tempura Nori,lt
Akita Roll,en
Bagel Roll,en
Palmitos,pt
Futomaki Sayuri Roll,ro
Onion BBQ,en
Teriyaki Tori,en
Minicalzone Carne,es
Pechuga de Pollo ,es
Empanadas,es
024 Hand roll 3,en
Barros Jarpa,es
Torta Imperial de Chocolate,en
Temaki Tempura,pt
Maguro Spicy,en
70. Akitu Rolls,eu
Superior,es
Nigiri Ebi,jw
Temaki Spicy,pt
Mediterránea,es
Nigiri unagui,jw
70.Tuna roll,en
Nigiri Maguro,jw
El Pelao,es
1 Pizza Personal de 3 ingredientes + Lata Bebida,es
 Creme brulee de maracuyá,es
Sake   ,en
Empanadas,es
Lata 350 cc.,pl
CheeseCake Roll,en
4 Quesos,es
1 pizza mediana de 3 ingredientes,es
Chirashi Premium,en
Ebi Thai,en
Tako Spicy,en
Chicken Roll,en
Palitos de Ajo,es
40. Capone,en
Canada Dry,en
4 Quesos,es
19- Avocado Crab Roll,en
California Smoke,en
Tempura Maki,en
Queso Crema,es
Tuna Roll,en
Queso cabra ,es
Chilena,es
Avocado Roll,en
Carne mongoliana,mg
Pizza 4 Estaciones,es
California Maki,en
Ebi Teriyaki Roll,en
1.5 Lt,lt
Mediterránea,es
Combinado Mikai Especial    ,ha
013 Sashimi tropical,en
Rodeo,en
ANAKENA INDO RESERVA,mi
Cebollín,cs
Filete en salsa de champiñones y tocinos,es
Fresh Roll,en
Sashimi Maguro/Atún Rojo,es
67. Beef Rolls,en
Gaseosa 1.5 Lts. ,es
Carike,af
Nigiri Sake ,jw
Juntos y revueltos,es
Recoleta,es
Nigiri Ebi,jw
13 Avocado Surimi,fr
Mini roller BBQ Choricillo,en
Sudado de Pescado,es
Hosomaki Sake,en
Tempura Yasai,ha
Rodeo,en
D1 Ebyte,fr
Unagui masago,so
16.- Sake Roll,en
Salsa Tare,ro
Gunkan Ostiones,id
Yakisoba de Carne,es
Light Roll,en
Té,ca
Mousse de Maracuya,fr
098 Arroz chaufán especial,es
Combinación 1 *16 Piezas (1 persona),es
Palitos de ajo,es
Especial de la Casa,es
California Tako ,en
Miso Soup,en
Fetuccinis,ca
Minicalzone Carne,es
38- Tako Spicy,en
Bebidas en lata,es
Sándwich El Batard,es
Crispy roll ,en
Serrano Red Roll   ,en
Tempura Roll,en
Yakimeshi,sw
Ebi Cheese Maki,en
Nigiri Camarón,jw
Gyozas Pollo,es
Pulpo,es
118 Mix Batayaki,en
Edu Rolls,en
Mankora Roll,en
Nigiri Tuna,jw
Sake Cheese Roll,en
California Ebi Cheese,en
Arroz Matsue Tori,en
Oferta 1,es
Plato Buda,es
Yoko roll,en
Hosomaki Salmón,es
Minicalzone Champiñón,eo
Cheesecake Salsa Frutilla,es
Kurumiyage,tr
Tori Furay,so
Cerveza Cristal,es
Cheescake Salsa Dulce de Leche,es
92. Pulpo-Queso crema,es
Ebi Furay,so
31 Tuna Roll,en
Temaki Ebi,pt
Tempura Cam,en
Salmón,es
California EBI Cheese ,en
Chilena,es
145. Salsas Extras,es
Veneciana,es
Chilena,es
Palitos,es
Alemana  ,es
Pequepizza,es
Bebidas Coca-Cola Grandes,es
Atún Salad,es
Tempura Mixto,es
Unagi Maki,jw
Furay Roll                 ,so
Roll Acevichado.,en
Pizza verdie e nere,it
Pizza Milanesa,pt
Malaya,ms
Surimi Maki,fr
Rodeo,en
"Torta Mil Hojas, Manjar y Vainilla",es
Tekka Maki,id
California vegetal,en
Salsa Oriental,es
Queso,es
Aki Tori,hu
Cheese Roll,en
Ebi tempura,en
Especial de la Casa,es
Tomato Roll,en
106. Sopa miso,en
2 X 1 Pizza Personal,en
3 pizzas medianas hasta 3 ingredientes,es
Ensalada Japón,es
Shimo Sweet Unagi Roll,jw
Refrescos,es
Duo especial rolls,en
14 Chicken,en
1 Persona (18 Piezas),es
Mediterránea,es
Sashimi Appetizer ,en
Papas Fritas,es
Minicalzzone,it
Tori furai,fi
Niguiri Maguro,yo
Barros Jarpa,es
A la creme,fr
Kross Stout,en
Personal ,en
Aros de cebolla,es
Tau,ro
Pollo Katsu,et
Gnocchi de papa,it
Capuccino italiano,pt
Kani tempura,tl
Kioto Roll,es
Nigiri Tako,jw
Osaka,en
Avocado Roll,en
Mixto                    ,es
Leche de pantera,es
Miyagi Roll,en
Naranja Chocolate,es
Campera,es
Crush,en
Alfreda,pl
56 piezas,es
Arroz Nakashi,es
50 Agu Roll,en
"Palmito, palta, queso crema",es
15 Avocado Ebi Tempura,en
Mediana,es
California Maki,en
Delicia Roll,pt
Rock & Roll,en
Sashimi,en
26 piezas,es
Akita Roll,en
Coca Roll,en
Bebida 1.5 lts.,pt
1 Pizza Familiar de 3 ingredientes + Bebida 1.5 lts.,es
Lomito Luco,it
Akai Roll,en
House Tilapia,en
Kimura Para Compartir (60 Piezas),es
Tori Don,en
Tempura Light,en
Minicalzone Jamón,es
Ceviche Mixto,es
H5 Saki champiñón,eo
3 Chicken Strips,en
Torta Imperial de Chocolate,en
Chacarero,ga
California Ebi Cheese.,en
Bebida 3 Litros,es
"Gohan, desde:",es
Lúcuma,ga
Gyosas Pollo,es
Ensalada a la Chilena,es
Nigiri Tako,jw
Tacos de Res,es
Minicalzone Champiñón,eo
37 Vienesa Gigante,es
76.Pollo Sake Crispi,it
Sándwich BMT,es
Park 3 premium (40 cortes),en
Carne estilo cantonés,gl
Yakimeshi Especial,es
Teriyaki,en
Nigiri Maguro,jw
Edo Roll,eu
Sándwich de Albóndigas,es
Chirashi kani,tl
California Tori                          ,en
72.Sake maki,en
Café o Té y Prensado de Jamón y Queso,es
Tekka Maki,id
Yakisoba de Mariscos,es
Nigiri Ebi,jw
Vegetarianos,es
Sweet Cream,en
Salmón Tobu,es
3 pizzas medianas hasta 3 ingredientes,es
Unagi Roll,jw
"Envuelto en queso crema, desde:",es
57 Take Cheese Roll,en
27.Avocado Vegetariano,pt
Tsurai Roll,ht
A la Crème,fr
Sibaritas fusión,gl
Tabla Oriental ,es
Ronda criolla a lo piurano.,es
A la creme,fr
Aros de cebolla,es
39 Take Roll,en
Tempura Roll,en
Torimeshi,sq
Empanada de Ave,gl
Temaki Maki,pt
Chicken Box 3,en
Vodka Sour ,en
Tempura Roll,en
Mediana,es
Chirashi Premium,en
Empanadas de Queso ,es
Maximilian Roll,en
Mushroom Cheese,en
Milanesa de filete,es
Sashimi Atún,es
California Tempura,en
Ebi Cheese Roll,en
Canada Dry,en
Pollo Tsurai,es
Superior,es
Ameaby Roll,en
Superior,es
Trío mongoliano,es
Tako Roll,sl
Hosomaki Ebi,en
44.- Tori Tempura,en
Costillar cantonés,gl
Tempura Spicy,en
Temaki Tako Spicy,pt
Ca-tu Roll,ro
Minicalzone Jamón,es
Delicada,es
Gyosas Camarón ,es
Filete Oriental,es
California kioto limón,es
80 Teriyaki de Pollo,es
60. Yakitori,vi
Durazno,es
Pabla Maki,bs
Tuna Maki,en
Octopus Olive      ,en
Onion BBQ,en
Envueltos en almendras tostadas:,es
California Unagui.,en
A la Crème,fr
Bebida 1.5 lts.,pt
Tempura Mixto,es
Salsa Bolognesa,es
Cerveza Austral,es
Ración de Olivas,es
Especial de la Casa,es
Nigiri Marisco,jw
Ebi Cheese Roll,en
4 Quesos,es
Mix Niu Furai,en
65 Light Roll,en
Queso y aceitunas verdes,es
Gyozas de Camarón,es
Quesadillas de Ostiones,es
Torta Imperial de Chocolate,en
Sashimi Salmón,es
98. Gyosas de Camarón,es
Cheescake Salsa Frutilla,es
"Kanikama, ají verde y palta",es
Sakanatataky Especial,es
Ceviche Misky Mikuy,es
Sashimi Tako,sl
4 X 1 Pizza XL,en
Ebi Gyozas,en
47 Pato Roll,en
Mini roller BBQ Tocino,es
Negra Modelo,es
Nigiri Unagi,jw
Carne Vapor,es
California Tako Spicy,en
California Ebi Cheese Tempura,en
Sashimi Mixto,es
Barros luco grande,pt
Italiano,it
Temaki Spicy,pt
Bambino,it
Bolitas de Kubbe x6,es
 Chicken Box Snack,en
Mariscos,es
Olivo,es
Mechada Luco,es
Beto Maki,pt
Nico Roll,en
Sake Roll,en
Sprite,en
Ebi Roll,en
Empanadas de pino ,es
Promoción válida sólo Domingo: 3 pizzas medianas hasta 3 ingredientes ,es
Kochi Rolls,en
Taki Roll,en
Salsa Unagui,es
temaki maguro,pt
Sándwich Ave Palta,es
1 pizza mediana de 3 ingredientes,es
California Palmito                                                                           ,pt
Delicada,es
Vegetarian Thai ,en
Ebi Roll,en
Ebi Chiizu,en
072 Oriental roll,en
Ebi Maguro,en
Akita Roll,en
Pequepizza,es
85.- Ceviche Mix,es
Mediterránea,es
Temaki Tempura,pt
Mashido rolls,en
Hi cheese rolls,en
Empanadas de pino ,es
Cerveza sin Alcohol,es
Arroz,es
Tori Roll,en
Tekushima ,sq
Cornetto Cup,it
Tokio 73 Piezas,es
Especial de la Casa,es
Salsa  picante,es
Tempura Roll,en
1/4 Pollo,es
Fiesta Roll,es
Crispy Roll,en
Ebi Furai,en
96 Pollo Ebi Furay,so
Congrio tausi,sw
Ebi Cheese,en
Queso Crema,es
Scorpion,en
Teriyaki,en
Ebi Spicy Roll,en
Tempura Light,en
78. Spicy cheese roll,en
Salsa Teriyaki,en
Ebi rolls,en
Akita Roll,en
Familiar,en
Champi Rolls,jw
1 Pizza XL de 3 ingredientes + Bebida 1.5 lts.,es
Ceviche,es
"Cerdo, desde:",es
Chicken Box Familiar,en
Tori Roll,en
Cheese Gohan,en
Tako Roll,sl
Palitos de ajo,es
12 París roll,es
Hot Dog Solo,en
Octopus Olive              ,en
Gyozas,hu
105 Tako,sl
147 Kunstamann gran torobayo,es
Alitas de pollo,es
Familiar,en
Tempura Nori,lt
Palta,es
Condori Helado,es
1 Persona (18 Piezas),es
Del Club,es
Reineta Tempura,es
Ebi Furay ,so
803 Gyosas de Camarón,es
Niguri Kanikama,sw
Aros de cebolla,es
Crepe pollo y pimentón,es
Atún                      ,es
Pepsi,en
Salchicha barros luco,es
Ikafuray,sw
Magnum Paleta,en
House Roll,en
Palitos de Ajo,es
California Teri,en
Temaki Crabs Especial,pt
Pollo Tsurai,es
Italiano,it
Crab Maki,en
Nigiri Sake ,jw
Cremissimo,it
Sashimi Pulpo,es
Naruto Roll,en
Rodeo,en
Yakisoba de mariscos,es
Mediterránea,es
Kioto Roll,es
Vital,en
Ceviche Mixto,es
Tempura Roll,en
Ciboulette Tempura,fr
50. Futomaki ebi normal,en
4 Quesos,es
Furai Tori,fi
Ensalada de salmón ahumado,es
Personal ,en
Sake Cheese,en
Crab Maki,en
Nigiri Masago,jw
Sopa Miso ,en
Pollo apanado,es
Onion BBQ,en
Lomo Saltado ,es
Camarón Mandarín,es
Salsa Spicy,en
Macha's Roll,en
Mini roller BBQ Tocino,es
Mini roller BBQ Cebolla,es
Venesa irlandesa,es
Otate Almond,en
Tako Roll,sl
Onion BBQ,en
Salchipapas,tl
Mondo 6,it
62.- Tanaka,en
California Fresh,en
Grandiosa,it
Arma tu pizza a tu pinta,es
Pulpo,es
126 Suspiro limeño,es
Tiritas de Pollo Grille con Agregado,es
Familiar,en
2x1 Pizzas,en
Futo,so
Unagui Roll,en
Ceviche Sake,es
3 gyosas de verduras,es
59) Salad Ebi,en
Warau Roll,jw
Beto Maki,pt
12 Maguro,tl
Queso crema                 ,es
Gyozas de Verdura,it
Camarón Furai,es
Salsa Asiática,es
BBQ Creme,en
Sake Cheese Tempura,en
Kani Maki,tl
Aros de cebolla,es
Empanada espinaca champiñón,eo
Akai Acompañado B,es
Torimeshi,sq
Galleta Avena-Pasas,es
Ebi Gyozas,en
Guille Roll,es
Ensalada Cesar (Jugo + Postr),es
"Camarón apanado, queso crema, palta, masago",es
Palta meat rolls,en
2 x 1 Pizzas Familiares,es
Salsa Unagui,es
Menú Mancora,es
53. Tako Fury,en
Tempura Maki,en
Take Roll,en
Niu Cheese Roll,en
California Kioto,es
Bebidas Grande,pt
Pizza Alba,en
Natural Maki,en
Sake Hosomaki,en
Yakisoba,zu
Maki,ms
Principito,es
Churrasco,pt
Temaki Maguro,pt
Chirashi Sake,en
16.- Nachos Roll (6 bocados),en
Rainbow,en
Camarones apanados,es
Shawarme ExtraGrande,es
Minicalzone Jamón,es
19. California Maki,en
Atún 71,es
Ebi Maki,en
Surimi Maki,fr
Jengibre,es
Light roll ,en
Mozzarella Ebi Furai,en
Chapsui sólo Verduras,es
"Pollo teriyaki, queso crema, cebollín",es
Asado de tira (angus),es
16 Avocado,en
Ceviche roll,es
Bebidas,es
Ecuador,es
Nigiri Unagi,jw
Lomo saltado,es
15.- Natushi Roll,en
Con queso,es
Sake Roll,en
Bailey's Roll,en
Cerveza Heineken,es
Mediana,es
Onion BBQ,en
Personal:,en
Crepe pesto,en
Chicken Strips,en
California Tokio Limon,en
Pizza Hawaiana,es
Sopa Wantan ,ha
"1 temaky, 2 bocados sésamo, 2 bocados ciboulette",es
Chapsui de verduras,es
Salsa Ponzu,es
Bogel Roll,ms
Bambino,it
Menú 2A,es
2 pizzas medianas de 3 ingredientes,es
Minicalzone Jamón,es
Temaki Ebi Tempura,pt
Menú 92 Piezas,es
Salata camarón,es
2 pizzas medianas de 3 ingredientes,es
Gyosas de Pollo,es
Salsa Unagui,es
10 Avocado Rolls,en
Edu Roll,en
Para la mesa,es
Jalisco,es
Tori Don,en
Chirashi Ebi,en
Kurumiage,sw
Empanada Napolitana,gl
55- Cream Roll White,en
32 Hot Rolls ,en
Cremissimo,it
Gyozasmister ,hu
2 Personas (26 Piezas) ,es
Especial de la Casa,es
Maguro Furay,so
Fingers de queso,es
Tekka merquén,id
Cachantun Más,es
Miso,en
California natura,en
Menú para 3 personas,es
Apreton Ecuatoriano,es
Sake Roll,en
Mediterránea,es
MONTES RESERVA,gl
Empanada Napolitana,gl
Salad Jav,en
Bagel Roll,en
3 Presas Crispy,pt
Cheese Burger,en
Nuggets,en
Brasileña,es
Tempura de Verduras,es
Dano Roll,pt
Salad Roll,en
Jengibre,es
Torimeshi,sq
Sashimi salmón,es
Cibago,ga
Serrano Red Roll   ,en
Tempura Light,en
Tsurai Roll,ht
Sake Tempura Roll,en
Agua Mineral Puyehue con Gas y sin Gas 330cc,es
Brownies,en
Crispy Roll,en
1 Persona (18 Piezas) ,es
049 Donka roll,so
Torta trufa  ,es
82. Sashimi Pulpo,es
California Deli,en
Sotto un Sole Straniero,it
Gyozas,hu
California Crabs,en
Peppercorn Mushroom Filet,en
50.- Ebi Chizu,en
California tako,en
Mago Roll,gl
Teriyake Sake,en
Sakanatataki Especial,es
California Tori,en
Tempura Ebi,en
Ebi Maki,en
Tuna Dragon Roll,en
Sprite Zero,en
Pizza Milanesa,pt
Ikafuray,sw
Teriyaki,en
Krispy roll,en
24 piezas (2 personas),es
Bebida Botella,es
California Veggie,en
Churrasco Completo,pt
California Gaba,en
Tori Furay,so
Escoge,es
Alitas de pollo,es
Ebi Salad,en
California Ebi,en
Familiar,en
7 Up 2 Lts.,en
Nigiri Kanikama,jw
California Palmito,pt
A la Crème,fr
119. José,es
Zen Roll,en
Tropical Roll,en
Chile Lindo,pt
1 Pizzeta Individual+ Una bebida Mini,es
Sake hot,en
Galleta Choco Chip,es
Akai Roll,en
048 Tuna roll,en
Tobi Roll,en
Menú 7 (72 piezas),es
California EBI Almond,en
Pastel de Choclo + Bebida o Jugo Guallarauco,es
Torimeshi,sq
Rainbow Roll ,en
Sándwich Mechada Carne,es
BBQ Crème,fr
Rocky IV Roll,en
Akai Acompañado B,es
California Tempura,en
CR4040 California mush,en
Tabbule,mt
Aros de cebolla,es
43. Niguiri Avocado,en
Special Roll Furay,so
Unagi Maki,jw
Niguiri Ebi ,en
Otate ebi cheese,en
Sake Tempura Roll,en
Sopa miso ,en
Genovesa,ca
Akai Principiante A,en
Marilyn Monroe,en
Hot Dog Solo,en
7 Arrollado primavera,es
Tempura Nori,lt
Nikkei rolls:,en
Spicy Maki,en
California Gabba,en
Mediana,es
Coca-Cola Zero Familiar,en
Ebi Cheese Maki,en
As Solo,it
Jaiba,yo
Café Marocchino,it
CASAS PATRONALES RVA,es
Chili ,en
6 Personas (90 piezas),es
Atún y palta,es
Ikafurai,sw
Hot Green,en
Ají de Gallina,es
2 Personas (38 Piezas),es
Mix Tempura                 ,en
Crispy Roll,en
Crab Roll,en
Mini roller BBQ Choricillo,en
Javi Roll,en
Gyosas de Camarón,es
Mix Termpura,en
Alitas de pollo,es
Jamón y Palta,es
Camarón San Chung wha,es
Cornetto Cono,it
Katte Roll,da
Promo 3: 25 piezas ,es
Niu VIII (4 a 5 Personas),es
Churrasco Solo,pt
Acevichado Niu,en
Bambino,it
Chilena,es
30 piezas,es
Mediana,es
Especial de la casa,es
39. Sake katsu normal,et
Gohan ,es
Tako,sl
As 18,en
Yakimeshi,sw
Maxiquesos,ca
Superior,es
Sashimi Atún,es
California  Edo Roll,en
9 Hosomaki Tako Cheese,en
California Andrés Roll,en
Tori Roll,en
Gyutataki,sw
Camarones al Pil Pil,es
Tempura Sake   ,en
Ebi Tasty            ,en
Agua Mineral Porvenir con Gas,es
Gohan teriyaki tori,en
Machas Roll,en
Hot Cheese,en
2 pizzas lasaña,es
39 Take Roll,en
Té Verde,ca
Teri Furai,en
Avocado maki,en
Tonkatsu Roll,en
Alitas de pollo,es
Sopa Wonton,en
Yakimeshi,sw
Temaki Ebi,pt
Empanadas Niu Camarón,es
Volcán de Chocolate,es
House Tilapia,en
Teriyaki,en
Salsa Teriyaki,en
04 California trópico,es
Cusqueña,es
Bebidas Grande,pt
Gyozas Pollo,es
Sake Furay,so
8. Jamón y tomate,es
Ebi Cheese Roll,en
Cheescake Salsa Frutilla,es
Ave Tomate Mayo,es
Light Roll,en
Mediana,es
Combo 6,en
Camarones apanados con salsa dulce,es
Rodeo,en
Surim roll,en
Ciboulette ebi tempura,fr
Barra de Frutas Guallarauco,es
Teri Maki,en
Tori Roll,en
"Especial rolls, desde:",es
Personal ,en
Special rolls envueltos en queso crema:,es
42 piezas (3 personas),es
Salón Seifu,lv
Bebida 2.5 lts.,pt
Gyosas de Pollo,es
Ensalada Surtida (3 variedades),es
149 Teryaqui sake,en
104 Filete mongoliano,es
Italiana,it
Nigiri Tako,jw
Bajiru Roll,en
Salsa Katsu,et
Para ocho personas,es
Ebi Roll,en
Melts,en
Miyagi Roll,en
Ca-tu Roll,ro
Pulpo al Curry,es
Sake Maki,en
Tako Hana,is
Yakitori,vi
Nigiri Unagi,jw
59 Spicy Cheese Roll,en
Alfajor de Chocolate,en
Udon Soup,en
Sake Cheese Roll,en
Hamburguesa completa,es
Fuku rolls,is
Delicada,es
Pernil con Chucrut y Papas Cocidas,es
Avocado Top,en
Chirashi Tori,fi
Tacú tacú a lo Macho,ga
Yakisakana,ha
Nozomi Vegano ,id
Chicken Roll,en
Carne Camarón,es
Tempura Ebi,en
Hotate Tempura,en
Tori Roll,en
10.- Avocado Maki,en
Camarón ecuatoriano,es
Gyosas de Camarón,es
Mehada chacarero,cy
Combo Refresco lata o Jugo 350,es
Sakanatataki Especial,es
California gabba,en
047 Ebi haru,id
Pollo Tsurai,es
Cremissimo,it
Patagonia Roll,cy
Mito Maki,id
"8.3 Champiñones, palta, lechuga, choclo y fondo de alcachofa ",es
Ebi Roll,en
Ceviche Nikkei,es
Palta Seba Maki,sk
Palitos,es
Pepsi ,en
Coca Roll,en
Yoshino,en
Bebidas 1.5 lt.,es
Sake Roll,en
Focaccia,it
Chirashi Premium,en
90 Temaki Ebi,pt
Ebi Cheese Especial,en
028 Big sake maki,en
06 Empanadas Camarón Mandarín,es
Minicalzone Jamón,es
Torimeshi,sq
Mozzarella Furay,so
Promo 2,en
Pino Carne,it
Sashimi Sake,en
Sabores,es
California Cheese                       ,en
Grandiosa,it
Pimientos Rellenos,es
99 Ebi Sake Cream,en
Ebi Tempura,en
Unagi Roll,jw
Superior,es
Pastel de Jaibas,es
Unagi Roll,jw
Sakanatataki,ha
Chicken Roll,en
Cornetto Cono,it
Royal,en
Promoción 3 (25 piezas),es
Wasabi,en
Light Roll,en
Piura,es
Delicada,es
Cajita Chicky Burger Jr.,es
Light Roll,en
Sushi  35 piezas,es
4  Pulpa Grillé  ,fr
Tori Tay,vi
2.- Enjitsu,et
Akai para Compartir C,gl
Kanikama,ny
Agua mineral,es
Gyosas de Pollo,es
Salsa Gyozas,es
Promo 100 Piezas,es
Camarón,es
Filete de pollo,es
2 x 1 Pizzas Familiares,es
30. Sake Taco,en
Ave Pesto,en
California Maki Especial   ,gl
14 California Sake,en
California katsu tori,et
Del mar ,es
Temaki Ebi,pt
Volcano Roll,en
Avocado priss,en
RQ4049 Especial Edu Cheese,en
16 Pollo Cantones,es
Té Verde,ca
Chorrellana,st
Rodeo,en
Suspiro Limeño,es
Sashimi tako,sl
Tempura sake cheese,en
Beto Roll,pt
Sashimi Especial,gl
Temaki Sake,pt
4 Quesos,es
Kappa Maki,en
California Tako Spicy,en
4 Estaciones,es
Tori Tempura,en
Chapsui de Mariscos     ,es
66 Piezas,es
Bebidas 1.5 Lt,es
Cristal Cero,es
"Agregados, desde:",es
California Gabba,en
2 Personas (38 Piezas),es
Salsa Spicy,en
Jugos Boca Ancha,es
"Pollo apanado, queso crema, merkén",es
Minicalzone Carne,es
Sabores,es
34 Dinámico,es
Niu III (2 Personas),es
Cajita Chicky Nuggets,es
Yokota roll,en
Mini roller BBQ Tocino,es
Té verde,ca
Bagel Roll,en
Nigiri tako cheese,jw
060 Edu roll,en
Palmito Maki,pt
Cerdo Tamarindo,es
2 pizzas medianas de 3 ingredientes,es
Edo Roll,eu
130. 44 Piezas,es
Sake Maki,en
Gyosas Camarón,es
To Much,en
Mini roller BBQ Tocino,es
Furai onion,en
Promo Prime,en
Filete a lo Pobre,es
Papas Allioli,ca
Nigiri Vegetariano,jw
1 Pizza Familiar de 3 ingredientes + Bebida 1.5 lts.,es
Palmitos,pt
Palta Seba Maki,sk
Sauza Blanco,es
Lomo Saltado,es
Minicalzone Jamón,es
4 especialidades en una sola pizza,es
Tako Spicy,en
Kapera,eu
Ceviche del día,es
Salsa Spicy,en
Arlecchino,it
Salsa Unagui,es
Minicalzone Champiñón,eo
Sudado Especial,es
Alitas de pollo,es
California Ebi,en
Minicalzone Carne,es
Pan con Ajo,es
California Ebi,en
61 Arma tu Roll,es
012 Ceviche mixto especial,es
Delicada,es
Ebitempura Roll,en
Tsuki roll ,vi
California Ebi Crispy.,en
Menú 3,es
California Tako Spicy,en
Nigiri Camarón,jw
"Platos calientes, desde:",es
Pizza Milano,it
Sake kani,en
Box Full Clásica,gl
112. Sendai roll,en
Minicalzzone,it
Avocado roll,en
Combo Twister Italiano,en
Bebidas,es
63.- Meat Cheese,en
Ensalada de Espárragos,es
Fresh Roll,en
Thai:,en
Salsa Ponzu,es
Callifornia Sake,en
Aros de cebolla,es
Bebida 1.5 Litros,es
Sashimi Especial,gl
Patagonia Roll,cy
Maximilian Roll,en
Empanadas Niu Pollo,es
Palitos de ajo,es
Kappa Maki,en
Mineral con gas 600 cc,en
California Maki,en
Salsa Ponzu,es
Filete Pagoda,es
Torimeshi,sq
Niu VII (3 a 4 Personas),es
Akita Roll,en
California teri masago,so
Rock & Roll,en
Jugos naturales,es
Nigiri Salmón    ,jw
Oliva Tempura Sake ,en
Salmon Salad,en
Ceviche mixto,es
Tempura Mix (10 unidades),gl
3 Pizzas Medianas hasta 3 ingredientes  ,es
Atún,es
Temaki Tako,pt
Sashimi Tako,sl
Ebi Teriyaki Roll,en
Salsa Katsu,et
Teriyaki,en
California Unagui,en
Promoción válida sólo Domingo: 3 pizzas medianas hasta 3 ingredientes ,es
Camarón,es
Jalisco ,es
60 piezas,es
Puyehue,es
Cheese Cake,en
Red Roll,en
Wraps fritos,es
Delicia Roll,pt
Champi Furai Roll,jw
Furay Roll               ,so
Agua mineral (con o sin gas),es
California Tempura,en
Plateada con Agregado,es
Avocado Sake,en
Nectar de Fruta Natural,es
Eby Furay (6 unidades),so
4 (18 Unidades),gl
Sake roll,en
Butter Roll,en
Tori furay,so
Aderezos,es
Light Cheese,en
Tacu Tacu de Mariscos,lv
Whisky Sour,en
Fingers de queso,es
Rainbow Roll,en
Vienesa,es
Minicalzone Carne,es
Sandwich Campestre,es
Avocado Unagui,en
Mushroom Cheese,en
House Roll,en
Sashimi Atún,es
California Light,en
Ebi Gyozas,en
4 Quesos,es
California Tori.,en
Ika Furay o tempura,so
Kurumiage,sw
California Maguro.,en
Razz Nori 4,lt
Fingers de queso,es
Temaki Ebi Tempura ,pt
Salsa Vinagreta,es
Salsa Vinagreta,es
Ebi Tempura,en
House Tilapia,en
Sugerencia 4 (29 Piezas),es
Temaki Sake,pt
53. Gohan Especial,es
Combo 3,en
Surimi Maki,fr
Heriztiloz,eu
Furai Roll,en
Sushi Mori (12 Unidades),gl
California Tori,en
62 Maki Hot,en
Torta Manjar del Cielo,es
Javi Roll,en
Otate,mi
Sakana Tataki,mi
Menú (3 personas),es
Mozzarella Ebi,en
Temaki Tempura,pt
Temaki Salmón ,pt
Mango Roll	 ,en
Café,pt
Chahan Nikkei,en
Inka Kola 1.5L,cs
Sabi Roll,tl
Bebida 3 Litros,es
Chahan Nikkei,en
Niu VII (3 a 4 Personas),es
Chilena,es
Cerveza sin alcohol,es
A la creme,fr
Razz nigiri kanikama 79,jw
Vienesa Sola,es
Cusqueña,es
Maxiquesos,ca
Porción de papas fritas,es
018 Sake,en
Chicken Furai Roll,en
White Roll,en
Furay Cheese,so
ToriYaki,yo
Empanaditas Niu,en
Sopa Ramen,sv
Sakana tataki,mi
Especial de la casa,es
Manjar,es
4 Estaciones,es
Too Much,en
Light Fresh,en
Sashimi Atún,es
Tori Tempura,en
50) Sopa Ramen,sv
Duo de Chocolate,en
Peperoni,it
Chemilico en Filete,es
2 Personas (26 Piezas) ,es
090 Sakura family combo,en
Kani Roll,en
Cotito Roll,en
California Tori,en
7. Jamón,es
Salmón,es
Sashimi Especial,gl
Chirashi Tori,fi
Temaki Tako Spicy,pt
Niu IV (3 Personas),es
Saltado 3 Sabores Nazca,es
Agua mineral 1.5 Lt,es
Maxiquesos,ca
Ky Roll,en
Futomaki sake,en
Pollo Yakitori,vi
4. Sándwich de nuestro mar,es
Bagel Roll,en
Mini roller BBQ Choricillo,en
Crispy cheese,en
California Ebi.,en
Temaki Maguro,pt
Sake   ,en
Mitchiru Roll,en
Empanadas de pino ,es
Gnocchi is soufle,ht
Akai Extra D,en
Mediterránea,es
Avocado Crab,en
Tako (Pulpo),es
Chirachi,ny
Menú 2 - 41 piezas (4 personas),es
Sashimi Salmón,es
Pie de Limón,es
Toscana  ,it
Italiana,it
Especial de la Casa,es
Tempura Ebi,en
98 Nigiri Kani,jw
Minicalzone Champiñón,eo
Kanikama furai,ha
Torimeshi,sq
83. Yakimeshi Especial,es
Vital,en
Avocado Cheese Roll,en
Acevichado Niu,en
Ebi Gyozas,en
83. Sakana Tataki,mi
Delicada,es
Barros Jarpa,es
Agua mineral,es
Pequepizza,es
1 Persona (18 Piezas),es
Torta Imperial de Chocolate,en
Almond White,en
Española                           ,es
California Ebi Crispy.,en
Bambino,it
Tempura Light,en
Pizza Españolísima,en
Ke Banquetazo Licencia,es
Promoción 5,gl
Sashimi,en
Empanadas de Campo,es
Tako Ebi Roll,en
Spicy Maki,en
Bambino,it
Leche de tigre,es
Tori Furay,so
Yakimeshi,sw
Sabi Roll,tl
Tempura Mixto,es
Maki,ms
Salsa Vinagreta,es
Akai Maki,en
Porción de Kuchen,es
Especial de la Casa,es
Sashimi Sake,en
Ebi Meat,en
Minicalzone Carne,es
Gnocchi de zapallo papa,es
Miso Sake,en
"Poroto Verde, Champiñón y Lechuga",es
Chicken Roll,en
Salmón cheese,es
Agua ardiente Chillán,es
Palmito y cebollín,es
House Tilapia,en
"Envuelto en palta, desde:",es
Cibon Roll,en
Hosomaki Ebi,en
Coca-Cola Zero ,en
Chorrillana Alemana,es
Ebi Spicy Roll,en
Sushi Mori (12 Unidades),gl
Kurumiyage,tr
Gyozas,hu
Té Verde,ca
3 pizzas medianas hasta 4 ingredientes + 3L de Pepsi,es
Atún y Salsa Blanca,es
Otate Ebi Cheese,en
Tololo Roll,en
Lomito b5,en
Natural Maki,en
Onion BBQ,en
Callifornia Sake                  ,en
Mediana,es
Menú 8,es
Chilena,es
Nigiri Tako,jw
Gyozas de Camarón y Queso Crema,es
Hot Spicy Chicken,en
California Makimono,en
Pequepizza,es
Mini roller BBQ Tocino,es
Chicken Roll,en
Sake  ,en
25. Fukei Rolls,vi
California Sake Cheese,en
Salsa Ponzu,es
Promo 8 - 4 personas (56 piezas),es
Niu VII (3 a 4 Personas),es
Wasabi,en
Gohan ,es
51. Tako Otate,sl
Niu III (2 Personas),es
4 Quesos    ,es
Fai-Chee,it
Crab Maki,en
"Filete, Pollo, Camarón y Champiñón",es
California Veggie,en
Yakisoba,zu
66 piezas,es
Palitos,es
Ceviche Sake,es
Huevos rancheros,es
17.Hotate spicy normal,en
Banana Split ,en
Teo Roll,en
Pizza Ligabue ,it
47 Pato Roll,en
Chicken Cesar,en
Wok de Verduras,es
Salsa Spicy,en
2 Pizzas Familiares de 3 ingredientes + Bebida 1.5 lts.,es
Ebi Rolls,en
Vegi Furai,is
Teriyaki ,en
Promo 163,en
Filete de salmón,es
California Natura,en
18) Maki Hot,en
Ebi Cheese Maki,en
California Ebi Cheese.,en
Especial de la Casa,es
Ebi Make,en
Sándwich de ave italiano,es
Salsa Tare,ro
Magnum,en
Fanta,sl
139 Cerveza japonesa,es
Chicharrón de pescado,es
31. Futomaki Sake,en
Tonkatsu Roll,en
Nigiri Crab,jw
Ebi Cheese Roll,en
Zapallos,ny
Cheese Crab,en
Philadelphia,en
California Maki,en
Salsa Thai,en
013 Sashimi tropical,en
Nikkei Roll,en
Condori Helado,es
California Cheese.,en
Huevos a Caballo,es
Pulpo (H2),es
Miyagi Roll,en
Lata,pl
Lomito Luco,it
2 x 1 Pizzas Familiares,es
Mini roller BBQ Cebolla,es
Tako,sl
Menú 4,es
Mini roller BBQ Cebolla,es
Chipin Roll ,en
Bebidas,es
Futomaki Sake,en
92- Nigiri Sake,jw
Crab Roll,en
Carpacho de Salmón,es
4 Estaciones,es
Fingers de queso,es
Combinación 3 - 48 unid.,gl
Queso,es
California Sake,en
Temaki Spicy,pt
Menú para 2 Personas,es
Tempura Roll,en
Osumi,vi
2x1 miércoles,es
Mango Tango,en
25. Clásico con tomate mayo,es
Temaki Tuna y White Tuna,pt
California Sake,en
Avocado Roll,en
36 piezas,es
78. Nigiri Kani,jw
Capresse Roll,en
1 Sashimi Mixto ( 15 Cortes) ,es
"Cheesecake, desde:",es
Gyozas ,hu
Ginger Ale Light,en
Personal ,en
3 pizzas medianas hasta 3 ingredientes,es
Maguro Cheese,en
Yakimeshi Especial,es
Sugerencia 1 (14 Piezas),es
Temaki Ebi,pt
Futomaki Vegetariano Roll,pt
Winkyta Roll,en
Menú para 6 o 7 Personas (104 Piezas),es
Ebi Maki,en
088 Sakura special combo,en
Razz 64,pl
104- Gyozas de Camarón,es
Ebi Cheese Roll,en
Pollo Teriyaki,es
As Che milico,it
Ceviche Nikkei,es
Furesh Roll,en
Fanta ,sl
Amaretto Sour ,de
Avocado hawai,es
Pizza Margarita,en
Menú 7,es
097 Arroz oriental,es
Koroke,mi
Avocado Light Cheese Roll,en
Pizza Preferida,es
Pollo Tsurai,es
Tempura Roll    ,en
Argentina                            ,es
Agregado 2,es
Gyosas de Cerdo,es
Pequepizza,es
59. Club 7,en
California Cheese,en
Sake roll ,en
"4 bocados salmón, 8 hosomaky surtido, 2 nigiri camarón",es
California Cheese.,en
Pachorra,es
33. Sake Chesse Roll,en
Roll's tempura curry A,en
Albahaca Roll,es
California Sake,en
California ebi spicy,en
Lomito Luco,it
Pizza Margherita ,it
Sake cheese,en
Tuna,en
Spicy Salmón Roll,en
Kirin Ichiban,vi
Cheescake Salsa Frutilla,es
California King Crab Cheese ,en
Agregado 1,es
Tekka Maki,id
Rodeo,en
Winkyta Roll,en
Sashimi pulpo,es
Sugerencia VI,es
040 Ebi roll,en
Bebidas en Lata,es
CheeseCake Roll,en
Temaki Tako Spicy,pt
Combinación 10,es
Rock & Roll,en
Beef,en
Sashimi Atún,es
California del chef,en
170. Nikkei soba,sl
Gyozas,hu
California Ebi Crispy                      ,en
Unagi Roll,jw
Pequepizza,es
Té,ca
Mini roller BBQ Choricillo,en
Sashimi Sake,en
Grandiosa,it
Turo Roll,en
Salmón Teriyaki,es
Vegetariano,pt
5 Chicken Strips,en
Avocado Cheese Roll,en
Gyozas de Camarón,es
2 pizzas medianas de 3 ingredientes,es
Chocolate caliente,es
Mori Roll,en
Sake cheese rolls,en
"Camarón, cebollín, queso crema",es
Tomodachi salad,en
California Unagui,en
Sake,en
Tori Roll,en
"Envueltos en palta, desde:",es
Jalisco,es
California Ebi,en
"Bebidas 1,5 Lt",es
Tempura kani roll,en
Avocado fresh,en
25 Tako Roll,sl
084 Full roll,en
Kurumiyage,tr
Shrimp Salad,en
Gyozas de Camarón,es
20 Avocado Ebi Sake,en
Nigiri Maguro,jw
Tekka Maki,id
Maguro Cheese,en
Viñamarino extra,es
Sake Roll,en
Chicken Salad,en
100 Nigiri Unagui,jw
Liviana,es
Jengibre,es
30.- Eby-Hass,de
California Maki,en
Rainbow Roll,en
Palitos de ajo,es
Salsa de Albahaca,es
Nikita,id
Avocado Rainbow,en
Liviana,es
Chicken Roll,en
Sopa Miso Bushido,en
Akita Roll,en
Queso Crema,es
Bebida 3 Litros,es
Causa de Pollo,es
Pasta Mista,it
1. Clásica,gl
Ebi Tasty,en
Avocado Roll,en
Ceviche Sake,es
Sake maki ,en
Home Sandwich Extra Full Super Crunch,en
Italiano,it
Gyozas Pollo,es
Gyozas de Pollo,es
Ceviche Nikkei,es
Magnum Paleta,en
Arrollado de primavera (5),es
Jugo,es
Lata 350 cc,pl
12.Chicken Llin,en
Salmón                 ,es
Nigiri Tako,jw
Bebidas,es
3 pizzas medianas hasta 3 ingredientes,es
Yaki Sake,ha
Ensalada césar camarón,es
3 pizzas medianas hasta 3 ingredientes,es
25 Sakedu,jw
Tonkatsu Roll,en
Tiradito Nikkei,en
Pizza familiar hasta 4 ingredientes,es
Tabla Furai,es
Hosomaki Furai,ha
126 Suspiro limeño,es
Salsa Unagui,es
Mini roller BBQ Choricillo,en
Yakimeshi pollo,es
Pepsi,en
Empanada Choclo Queso,es
Olímpico,es
Rainbow Roll,en
Liguria Roll,it
Yakisoba,zu
2 X 1 Pizzas Medianas,es
Minicalzone Jamón,es
Minicalzone Jamón,es
Big Sandwich Al Pacino,en
A la creme,fr
Barbacoa Creme,es
Furai Roll,en
Sándwich de Pollo Teriyaki,es
Green day Roll,en
Grandiosa,it
Red Roll,en
6 Personas (90 piezas) ,es
Dai roll,it
Gyozas de Camarón y Queso Crema,es
California Makimono ,en
Vienesa palta mayo,es
Tako Tempura,sl
58 California Ebi Spicy,en
Chicken Strips,en
42. Avocado Teri Panco,jw
Ravioli Girardino,it
Serrano Red Roll   ,en
51 Florida Roll,en
Sashimi Maguro ,en
Liviana,es
Salmón Teriyaki,es
Ika Furai ,jw
Otate Cheese,en
Take III,en
20 Sake Ebi,en
Cheese Tori Roll,en
Temaki Tako Spicy,pt
Sabi Roll,tl
Especial de la Casa,es
Niu Cheese Roll,en
Lomito Luco,it
Natural Maki,en
California Tempura Ebi ,en
California Mao,en
Beto Roll,pt
113. Osaka,en
California Andrés Roll,en
Akai Maki,en
Ebi Roll,en
Jalisco,es
Jengibre,es
Avocado Sake Roll,en
SushiWine IV,en
063 Mario roll,en
39 Bocados de Pollo,es
Yakimeshi,sw
Nigiri Tuna,jw
Cerveza Heineken,es
Fogliatta Roll,en
Jaiba queso,es
California Tempura,en
Gyozas de Cerdo,es
Sashimi Atún,es
Austral Roll,en
Rainbow Roll,en
Temaki Salmón,pt
Bananero Roll,es
Maximilian Roll,en
4 Personas (64 Piezas),es
Kurumiage,sw
Guille Roll,es
Avocado Eby,en
A5 Ebi tempura,en
2 X 1 Pizzas Medianas,es
Salsa Acevichada Verde,es
Ebi Kani Furay Roll,so
42. Kingu Otate,sw
Mediterránea,es
Nigiri Palmitos,pt
Alfajor Artesanal,es
Alitas de pollo,es
Barros Jarpa,es
Gohan Ebi,en
Sake Maki,en
Tempura Roll,en
Ceviche Pulpo-Kanikama,es
Ramen ebi ,en
Sándwich Campesino,es
House Tilapia,en
Bambino,it
Congrio Tausi,sw
4 Estaciones,es
Rainbow Roll,en
Jugos ,es
Mousse de Chocolate,fr
Lomito Luco,it
Yoda Spicy Roll,en
Sweet Cream,en
Pequepizza,es
Rikuta roll,et
Lomito Luco,it
Chicken Box 3,en
Sakanatataki,ha
California Palmito,pt
Pide,es
106 Maguro,zh-CN
Fingers de queso,es
70 Tempura Roll,en
Arma tu roll,es
California Light,en
Cabernet Sauvignon,en
Atún People,es
Chicken Roll Tempura,en
Siciliana,it
Tempura Mixto,es
Hawaiana,es
Lata 350 cc.,pl
Liso ,pt
Skyy Sour,sw
Wasabi,en
Gohan ,es
California Ebi,en
Lomito Luco,it
Tokio Roll,en
Papas Salteadas,es
Bebidas,es
Arroz Nakashi,es
Temaki Tako Spicy,pt
D7.- Ave Queso,es
Yakitori,vi
 Chicken Box Familiar,en
Promoción válida sólo Domingo: 3 pizzas medianas hasta 3 ingredientes ,es
37. Avocado Teri,en
Tori Roll,en
Miz Roll ,en
Sparrow,en
Temaki Sake,pt
A la creme,fr
Sprite,en
26 Piezas,es
Ricotta Bacon ,it
Chiko Roll ,ny
Kurumiyage,tr
2 Pizzas Medianas de 3 ingredientes + Bebida 1.5 lts.,es
Jugos,es
Tempura ebi furai,en
Sendai roll,en
Kappa Maki,en
Makisake 2,ha
Mancora Roll,es
2 X 1 Pizza Personal,en
Alitas de pollo,es
Gyosas Camarón Queso,es
Jamaicano.,pt
Asian Roll,en
Vienesa XL,es
Rissotto de Camarón,es
Tempura Light,en
Sake,en
Tamago,vi
Pollo Teriyaki,es
Philadelfia Roll,en
Lomo a los secretos del chef,es
Veg. Chacarero,is
Futomaki Sake,en
"Ensaladas, desde: ",es
1.7 Bronto Churrasco Jamaicano ,gl
Sake Masago ,so
House Tilapia,en
Mediterránea,es
Cheese,en
Saki Cheese Tempura,en
3 pizzas medianas hasta 3 ingredientes,es
137 Cerveza escudo,es
Nigiri Unagui,jw
Mollejas a la parrilla,es
Onion BBQ,en
IkaFurai,sw
Lomo Brasileiro,pt
California Ebi Tem,en
Delicia de camarón,es
Lata 350 cc.,pl
1 Chicken Cheese Tempura (8 piezas) ,en
California Fresh,en
Unagui maki,ms
Giorgio di mare,it
Pizza familiar hasta 4 ingredientes,es
As Vegetariano,pt
Pollo Katsu,et
Vaso normal,es
Tempura Maki,en
Tako Spicy Roll,en
Ura eby tempura,en
BBQ Crème,fr
Cerveza Cristal,es
California Sake,en
Miyagi Roll,en
Teriyaki,en
Bebida Lata,pl
Envuelto en arcoiris:,es
Club Ebi Lujo,es
Futomaki Ebi ,en
California Palmito,pt
Ca-tu Roll,ro
Personal ,en
Miso Champiñón,eo
Sake Avocado,en
Personal ,en
Yakisoba Eby,pl
"Family (4 personas, 64 piezas)",es
Filet & Parmesan Fries,en
Ebi Fural Roll,sl
Sugerencia 1 (18 piezas),es
Yakisoba Nikkei,en
Platter de Mariscos a la Plancha,es
42. Miso,en
Torimeshi,sq
Maximilian Roll,en
098 Arroz chaufán especial,es
Rock & Roll,en
Sake Cheese Roll,en
Mediana,es
Ebi Furai,en
Tempura Roll,en
Nigiri Masago,jw
Wasabi,en
Natural Maki,en
Chilena,es
Pap,en
California Cheese,en
Lobster Roll,en
Ensalada César,es
California Ebi,en
Gyosas de pulpo,es
California Nut.,en
Combo Doble Crispy Italiano,es
Sashimi Del Chef,fr
Mediana,es
Ensalada de Palmitos,pt
Cerveza Austral,es
California Maguro,en
Atami,en
California  Palmito EBI ,pt
Chancho Mongoliano,es
California Teri ,en
Duo de Chocolate,en
26.Ebi,en
Beto Maki,pt
Nigiri Crab,jw
Lehmeyun de Pollo,es
Gohan ,es
Pollo Tsurai,es
Champagne,en
Aros de cebolla,es
70. Dragón roll,es
Parmesano Roll,es
Jugos,es
Maki roll,en
Bebidas ,es
Niguiri Tako,sl
Cornetto Cup,it
Salsa Tare,ro
Cerdo Lin-Lan,es
Jengibre,es
01 Gyosas cerdo,es
"18. Kanikama, cebollín, queso crema",es
Minicalzone Carne,es
44. Nigiri Tako,jw
4 Nigiri Mixto ( 24 piezas) ,es
Strip Salad,en
Nigiri Kanikama,jw
California Tako Spicy.,en
Fingers de queso,es
Barros Jarpa,es
Vital,en
California Maguro ,en
California Ebi,en
I Pizza XL de 3 ingredientes + Bebida 1.5 lts.,es
Yakisoba,zu
Fetuchinis de huevo,es
Minicalzone Carne,es
65.- Sumooku Roll,en
27 Ebicheese Roll,en
Yuca cocida,es
Asu (9 bocados),es
California Light,en
Sake Roll,en
Pizza Mia Mama,it
Promoción Entre Amigos y Familia                               ,es
Zuchinni Roll,en
12. Tako,sl
Pollo tausi,es
Chicken Salad,en
Plato de porotos,es
Caramelle Pie,it
Lomito Luco,it
California Ebi.,en
House Salad,en
Ebi Roll,en
Chahan Nikkei,en
Minicalzone Jamón,es
Hotaro Roll,en
Temaki Sake,pt
Barros Jarpa,es
Tako cream,sl
Empanadas,es
Nigiri Unagi,jw
B5.- Lomito Completo,it
Ebi luxe roll ,en
Tako Pulpo,es
Para 3 Personas,es
Pote de soya,ht
Sushi  35 piezas,es
Ebi Roll,en
Rainbow Roll,en
Cebollín,cs
Tako Avocado Roll,en
Jengibre,es
Cama Roll,pt
Merkén Olive Oil Kultrún,en
Salsa Tempura,en
84 Kappa Sake Maki,en
Misiones de Rengo Chardonnay,es
Alesan Roll,id
Yakitori,vi
71. Green,en
068 Sakura fusión roll,gl
Salsa Tare,ro
Bom Bom Magnum,pt
Torta de Yogurt,it
Minicalzone Champiñón,eo
Mediterránea,es
Otate Roll,en
Nevado,es
Tempura Light,en
Razz 68,pl
Ebi Maki,en
"4 bocados ciboulette, 4 bocados masago",so
2 Pizzas grandes,es
Lata 350 cc.,pl
Salmon Salad,en
Toro 10,es
4 Estaciones,es
1 Persona (18 Piezas),es
Heineken,en
"Bebidas 1,5Lts",es
Bambino,it
Ebi Gyozas,en
Gauda y orégano,gl
California Natura,en
75 Oribu Roll,en
Pizza Española,es
Chancho con Algas,es
Wasabi,en
Temaki Tempura,pt
97.Gohan,es
Spring Roll,en
Temaki Tempura,pt
Canelloni Carne,es
Mediana,es
Agridulce ,es
Teriyaki,en
Appetizer mixto,es
Guille Roll,es
Sashimi (10 cortes),gl
Mediana,es
40+10 tempura,en
Wantan,ha
Doritos Queso,es
Kariño Roll,eu
Yasmark ,tr
Lei kin,ro
Tori Tempura,en
Vital,en
Ebi Roll,en
Tako Rolls,en
6 Hosomaki Kapa Cheese,en
Camarones apanados en panko con salsa agridulce,es
Tori Furay,so
Nigiri Avocado,jw
Otate Cheese,en
Vegan 1 (20 cortes),es
Onion BBQ,en
2 X 1 Pizzas XL,en
California Vegetariano,en
1 Pizza XL de 3 ingredientes + Bebida 1.5 lts.,es
Diente con Congrio,es
Gyozas de Verdura,it
Camarón Tempura,es
Minicalzone Carne,es
Chilena,es
Gnocchi,it
4 Personas (52 Piezas) ,es
Maxiquesos,ca
Caprese Roll (Nuevo),it
Ebi Maki ,en
"16 cortes, desde:",es
Mediterránea,es
3 pizzas medianas hasta 3 ingredientes,es
California Tempura                                 ,en
Bebidas Grande,pt
House Tilapia,en
Menú 6 (56 piezas),es
Tsurai Roll,ht
Nigiri camarón,jw
7 Up,en
Minicalzzone,it
Kanikama,ny
Javi Cheese,en
Chorrillana Italiana,it
Menú 6 (56 piezas),es
Salsa Asiática,es
Foku Steak,eu
Palta Seba Maki,sk
Familiar,en
RP4080 Ebavo Smoken,id
Yakisoba de Pollo,es
Sashimi Especial,gl
87. Salmón,es
California Kappa,en
Sashimi Pulpo,es
Pollo Chicharrón,es
Mini roller BBQ Cebolla,es
Aroma Kani ,tl
Sancocho,ga
Temaki Tako Spicy ,pt
Cornetto Cup,it
Sashimi Mixto,es
Quatro Formaggi,it
Tempura Roll,en
Torimeshi,sq
Tuna Roll ,en
Furay Roll                 ,so
107. Tako  ,sl
Sprite,en
Sabi Cheese Roll,en
Yakitori,vi
Sakana Tataki,mi
Cheescake Chocolate,en
Bagel Roll,en
Filete Mongoliano Con Mucha Hambre,es
22. California Tori ,en
Zen Roll,en
Smoky roll,en
Minicalzone Jamón,es
California Nut,en
Reineta,es
Salsa Teriyaki,en
Unagi Maki,jw
Yakimix,sw
Chicken Roll,en
H12 Natsu,fr
Combo Super Crunch Queso,es
Bom Bom Magnum,pt
080 Claudio roll,en
Cerdo,es
Koroke Sake,mi
Pulpo a la Parrilla,es
Filete Chateau,es
22. Daichi Rolls,vi
Kurumiyage,tr
Satori Cheese Roll,en
Home Sandwich Extra Full Super Crunch,en
Alitas de pollo,es
California Makimono,en
Kanikama,ny
California Tempura,en
Papayas en Almíbar,es
Miso Soup,en
Sake Crispy,en
Sake-Masago,so
1 pizza mediana de 3 ingredientes,es
Ensalada César con Pollo Grille,es
Kentucky Rolls,en
Personal ,en
Ebi Cheese Especial,en
Cream Roll,en
Gyozas de Cerdo,es
Gyosas mix,en
Furay Roll,so
Sándwich tradicional,es
"8 Hosomaki Salmón, 2 Nigiris del Chef",es
Patagonia Roll,cy
Mikai Roll    ,ha
Ají hunan,es
Copa de camarones,es
Ebiteri Roll,en
Luco,it
Sake Maki,en
Red Roll,en
Ebi Maki,en
California EBI Almond,en
Cheescake Salsa Frutilla,es
Temaki Maguro,pt
Santa Carolina ,en
Hosomaki Capa,pt
Mozzarella Ebi,en
Seco de cordero,es
Delicia Roll,pt
2 Personas (38 Piezas),es
Tsurai Roll,ht
Tartaro Roll,it
Fresh Roll,en
Califronia ebi masago,so
California Maguro,en
75. Tiradito de salmón en leche de tigre,es
Yakimeshi Special,en
Sakanatataki,ha
Otate Rockefort Roll,en
Nico Roll,en
20. California Unagui,en
California Maki ,en
Sashimi Sake,en
Cornetto,it
Empanadas de pino ,es
Spicy furay,so
Beto Roll,pt
101.Sakana tataki,mi
Akigo 7,ceb
Carbón,es
Akai para Compartir C,gl
Lomo de Vacuno ,es
Chicharrón de pollo,es
4 Estaciones,es
Ceviche Roll,es
Di Gamberetti,it
California Unagui                    ,en
Chacarero,ga
Camarones mozzarella,es
California sake,en
California Kioto,es
Camarón,es
Nigiri Tako,jw
California Makimono,en
Salsa Tare,ro
63 California Sake Cheese,en
Sándwich fish club,es
Maximilian Roll,en
055 Eskimo roll,en
Pollo solo ,it
Avocado Roll,en
Sakanatataki Especial,es
Delicia Roll,pt
Royal Guard 330,en
Midori Roll,en
8 Sake,en
Alitas de pollo,es
Arroz Senz,it
135. Panchito Rolls,es
Yakimeshi,sw
"Envueltos en salmón, desde:",es
Spring Roll,en
4 Estaciones,es
Ostiones apanados,es
Jengibre,es
Sándwich Tomayo,es
Aros de cebolla,es
89 Temaki Sake,pt
Betomaki,eu
Tori Furay,so
Ke Banquetazo Más,es
Nigiri Kanikama,jw
Avocado ebi cheese,en
Churrasco Chacarero,pt
Cheescake Salsa Frutilla,es
2 Pizzas XL de 3 ingredientes + Bebida 1.5 lts.,es
Helado Crazy,es
Sopa Wantán,en
Mini roller BBQ Choricillo,en
Gohan nikkei IV,en
Agua sin Gas,es
Tuna Furai,en
Nico Roll,en
Tako Roll Salmón,es
Pequepizza,es
Ebi Tempura Maki,en
Promo 4,en
Gaseosa,es
Sashimi Appetizer ,en
Crab Maki,en
Siciliana  ,it
Futomaki tako,sl
Nori Spicy Chicken ,en
Italiano,it
Al Toque,es
"Sándwich 18 cm, desde:",es
Bell Tempura Roll,en
Express,en
Liviana,es
A la creme,fr
Crispy Roll,en
Tako ebi cheese rolls,en
Teriyaki,en
Personal ,en
2 pizzas medianas de 3 ingredientes,es
BBQ Crème,fr
46. Fukushima,en
Home Big Pollo Full,en
27. California Sake ,en
Sashimi Especial,gl
Sora,ro
Salsa Asiática,es
Ají Relleno,es
Gnocchi al Pesto,it
Nikkei Roll,en
Kross,et
Tako Roll,sl
Niu Oriental (sin arroz),es
Aros de cebolla,es
Maxiquesos,ca
California ebi,en
Chancho al Ajillo,es
Sake Tori,en
Tiger Roll,en
Turo Roll,en
California Tempura,en
Pizza mediana hasta 4 ingredientes,es
Bebidas 1.5 Lt,es
Bailey's Roll,en
Minicalzone Champiñón,eo
Maxiquesos,ca
Salsa Agridulce,es
Miyagi Roll,en
96. Bebidas lata,es
33. Tori Pimentón Rolls,es
Filete La Rotonda,es
31. California Sake,en
Temaki Chicken,pt
Menú No. 4 (Para 4 Personas),es
Torta Manjar del Cielo,es
Avocado Roll,en
Temakituna,ms
Tololo Roll,en
Palmito,pt
BBQ Creme,en
Helado de Frutas Tropicales,es
Temaki Tako Spicy,pt
Alitas de pollo,es
Balls Crabs,en
Capresse,pt
Bebidas,es
4 Personas (64 Piezas),es
Bambino,it
Mediana,es
Futomaki,zu
Ciboulette Tempura,fr
Barbecue,en
Arroz,es
2x1 Pizzas,en
Torta Manjar del Cielo,es
Bambino,it
Zen Roll,en
3 pizzas medianas hasta 3 ingredientes,es
4 Estaciones,es
Ball crabs ,en
Salsa Orimushi,es
Tempura tako,sl
"6 Gyosas Surtidas, 8 Unidades de Hot Roll",gl
Flor de Caña ,es
Delicada,es
Ebi Hot Roll,en
Sandwich Gran Luco,it
Fingers de queso,es
Gohan House,en
BBQ Crème,fr
"Hosomaki, desde:",es
Menú Trujillo,es
Bambino,it
Ebi,en
Tori Roll Crispy,en
Desechable 1.5 Lts,es
Ceviche de camarones,es
Kanikama,ny
Tabla de Sushi 2 ,es
Home Zinger 4x4,en
Sabi Cheese Roll,en
Tiger Sake,en
"Sake rolls, desde:",en
Yakisoba de Mariscos,es
Churrasco  ,pt
Mixto                    ,es
Natura,it
California Ebi Crispy  ,en
18. Futo Ebi Tempura,en
Vienneta,fi
Insalata tonno e mozzarella,it
Betomaki,eu
Ca-tu Roll,ro
Combo Doble Crispy Italiano,es
Tempura Maki,en
Avocado Cheese Roll,en
Tori Don,en
Unagui Roll,en
Torta de Hojarascas ,it
Lechuga costina,es
Alesan Roll,id
Cocktail de 4 Rincones ,es
Rodeo,en
Champi Roll,jw
Tubi Rolls,it
Salsa Orimushi,es
verduras surtidas,es
148 Kunstamann andwanter doblek,ht
4 Personas (52 Piezas),es
California Maki ,en
Nigiri Tako,jw
Arma tu White Roll,en
Palta York,es
Moncho Roll,gl
Palitos de ajo,es
Maki Roll,en
Níveo,pt
Mini roller BBQ Cebolla,es
Cusqueña,es
Cornetto Cono,it
Chicken Roll,en
Coñac 103,es
Torta cheesecake,it
Carte Dior,fr
California Sake.,en
1 Pizza XL de 3 ingredientes + Bebida 1.5 lts.,es
Gnocchi Salsa de Nuez,es
110 Almond Roll,en
2 pizzas lasaña,es
Plateada de cerdo,es
Ebi ten roll ,en
Tempura Roll,en
Palm Roll,en
Palta Camarón,es
Bombas toledana,es
Calvin brownies roll,en
Akai Maki,en
Pollo Tsurai,es
Sebi Roll,en
Tanatataki,mi
1 Persona (18 Piezas),es
Tori Tempura,en
Kurumiyage,tr
L (48 Unidades),gl
Gyozas,hu
Jugos 1.5 Lt,es
Cachantun Más,es
Nectar de Fruta Natural,es
Surimi Maki,fr
Cangrejo Roll,es
Miyagi Roll,en
Mix Tori,en
Maximilian Roll,en
Damasco,es
CONO SUR RESERVA,es
Figaza,hu
Crab Don,en
Pizza Vegetariana,it
Tori Roll,en
Combo Super Crunch Clásico,en
Niu I (1 persona),es
Cipolla,it
California Tako Spicy,en
Temaki Tempura ,pt
Avocado Roll,en
"Pizza, desde:",es
Vegel Roll,sq
Frambuesa Chocolate Blanco,es
Pizza familiar hasta 4 ingredientes,es
2 pizzas lasaña,es
Diente con Carne,es
Cerdo Especial,es
Teriyaki,en
Cajita Chicky Burger Jr.,es
Gohan ,es
Tempura Sake,en
Hana roll,is
Yakimeshi,sw
Beto Roll,pt
California Cheese                           ,en
California Ebi Crispy,en
Ebi Furay Roll,so
Temaki Ebi,pt
Vegetariana,it
Temaki Sake,pt
Sake Furay,so
Avocado Roll,en
Bebidas ,es
Tempura Roll,en
Ikafuray,sw
Nigiri Maguro,jw
Luco,it
2 x1 Pizzas Personales,es
Mediterránea,es
12 Piezas,es
Octopus Olive,en
California Ebi                                       ,en
Chilena,es
Nigiri Sake,jw
Agua Mineral Porvenir sin Gas,es
Kanikama,ny
38. Gambaretto,jw
California Tempura,en
Pollo Chiten ,es
Miyagi Roll,en
Especial de la casa,es
Tori Tempura                    ,en
Koroke Sake,mi
Filete a la Naranja,es
Furay tako,so
Delirio del Chalan (Plato de Fondo),es
Rolls salmón:,es
4 Estaciones,es
Camarones Fu Yon,es
Puré,es
Sake Chicken Roll,en
Banana Tempura,en
Jalisco,es
Aros de cebolla,es
Cocacola Zero 350cc,en
Italiano,it
Mediana,es
Avocado Sake Cheese,en
Individual,en
Miyagui Roll,en
Sake Maki,en
Andrés Roll,es
Tako Spicy Sake Roll ,en
"Relleno: Camarón tempura, queso crema y cebollín (c3)",es
Beto Roll,pt
Bebidas en lata,es
Pizza Bari,it
Promoción Domingo: 3 pizzas medianas hasta 3 ingredientes ,es
102 California Maki,en
4 Estaciones,es
Niguiri Ebi,en
37. Unagui Maki,ms
Sashimi Sake,en
Acevichado Niu,en
68. Otate Rolls,en
Huancaína Roll     ,en
Ginger Ale Light,en
Niguiri Kanikama,sw
Empanadas Niu Pollo,es
House Tilapia,en
Crab Don,en
Pollo tousi,es
Rock & Roll,en
Menú 8,es
Surimi Maki,fr
Nigiri Maguro,jw
Onion BBQ,en
Tempura de Verduras,es
36.- California Sake Ebi,en
Minicalzone Jamón,es
Salsa Acevichada Rocoto ,es
Ebi Supreme,en
Domi Roll,en
Gohan,es
73. Irasaki Furay,so
Sake Kani,en
8.- Akita,en
Fresh Roll,en
Furai Ebi (8 unidades),gl
Tory,en
014 Tako,sl
15. Rainbow,en
Avocado Roll,en
001 Arma tu sashimi,es
Cerveza sin Alcohol,es
Modelo Especial,es
67.Sake maki furai,en
Mataor,mi
Queso manchego 12 meses,es
Rock & roll ,en
Unagui   ,sw
Magnum Paleta,en
Surtido de Galletas ,es
Filete Lyon Chung,vi
California Sake                       ,en
Turo Roll,en
Pollo Yakitori ,vi
House Roll,en
Empanadas de pino ,es
Cheese Roll,en
Ebi maki,en
Mozzarella Ebi,en
As de palta y mayo,es
Kanikama,ny
Khao phad nhua,st
Yakisoba,zu
Tori Don,en
9 Presas Crispy,pt
California Unagui               ,en
Hosomaki Sake,en
Twinings Infusiones,es
2 pizzas lasaña,es
Florentina ,ro
Shakira Roll,en
Cremissimo,it
Aros de cebolla,es
Sprite Zero,en
Temaki Maguro,pt
Kani Maki,tl
Niu II (1 persona),es
4 Personas (52 Piezas) ,es
68 Avocado Sake Roll,en
Javi Roll,en
Unagi Maki,jw
Salsa Tare,ro
Delicada,es
Bebidas,es
Napolitana,es
Otate Roll,en
1 - 16 Bocados,es
Rainbow rolls,en
César Salmón,es
Bebidas en Lata,es
BBQ Crème,fr
Empanadas Niu de Verduras,es
ToriBacon,gl
Bebidas,es
Coca Roll,en
Wasabi,en
Pizza Vegetariana,it
Tiger Roll,en
Balls Crabs,en
Pollo Teriyaki,es
4 Personas (52 Piezas),es
Tori Roll ,en
Tempura Maki,en
Tres Leches con Frutos del Bosque,es
Furai Roll,en
Salsa unagi,jw
Maxiquesos,ca
113 Camarón grillado,es
Bu Bu Kay-Ja,tr
Mexicana,es
Yakisoba Nikkei,en
Palmito Roll,pt
Torta Manjar del Cielo,es
Sabi Cheese Roll,en
Jlo Roll,en
Acevichado,es
Rainbow Roll,en
Rainbow sake roll,en
2 Personas (38 Piezas) ,es
Cheese Roll,en
Pollo Mongoliano,es
Nuggets,en
Barros Jarpa,es
Cerdo Mongoliano,es
Pimientos del piquillo,es
California Light,en
Aros de cebolla,es
Beto Roll,pt
Yoryi fresh,en
Temaki Chef ,pt
Familiar,en
Tori Red Tempura,en
California  Fresh Roll,en
Tako Maki,sl
Wrap turkey,en
"8 Palta Maki, 8 California Sake, 2 Nigiris del Chef",it
Kariño Roll,eu
Betomaki,eu
California Palmito,pt
Pollo Teriyaki,es
51. Gyosas ,hu
Helados,es
37. Unagui Maki,ms
77. Nagoya roll,en
Gyosas,hu
Pizza Siciliana,it
BBQ Crème,fr
Sashimi Sake,en
Pepino,es
Salsa Unagui,es
45 Austral Roll,en
Pollo teriyaki,es
Huevos para romper con jamón,es
Maxiquesos,ca
Nigiri Sake ,jw
Grandiosa,it
California Tori      ,en
Siu Mai Dim Sum(4 unidades),gl
Aros de cebolla,es
4 Estaciones,es
California Sake,en
Tosu (6 bocados),ms
Promoción Illadi,gl
California katsu,et
Kurumiyage,tr
Nigiri Unagui,jw
Sashimi Appetizer ,en
Tempura Maki,en
Sibaritas avanzado,es
Nigiri Ebi,jw
"Ave, Mayo, Choclo",es
Sake unagi,jw
Ebi Tempura,en
Avocado sake cheese,en
169) Ebi soba,en
Veggie Spring,en
Mediterránea,es
Temaki Ebi,pt
Arroz blanco ,es
Gyozas de Champiñón y Queso Crema,es
Aros de cebolla,es
Coca Cola Light ,en
Bebidas,es
12 Piezas,es
Palitos,es
63 California Vege,en
Parrillada Para Dos,es
Pepperoni ,en
Pizza mediana hasta 4 ingredientes,es
Temaki Maguro,pt
Masago Maki,so
Empanadas Niu Camarón,es
103 Edamame,et
Furay Roll                             ,so
Unagui Nigiri,jw
Sandwich 6,en
Temaki Ebi,pt
Avocado Roll,en
Sashimi Sake,en
Palta Seba Maki,sk
Ebi Teriyaki Roll,en
Yakitori,vi
Chicharrón de pinza de jaiba,es
Delicada,es
Agregado Palta,es
Minicalzone Jamón,es
Kurumiage,sw
Onion BBQ,en
Kirin Ichiban,vi
Yakimeshi,sw
Tiger,en
Camarón,es
BBQ Crème,fr
Napolitana,es
Personal ,en
Smoked Rolls   ,en
Delicada,es
Black roll mix,en
Sprite,en
315 Yellow Roll,en
Gyozas de Champiñón y Queso Crema,es
Sabi Roll,tl
Pizza Hawaiana,es
Bom Bom Magnum,pt
Coca-Cola,gl
Barros Luco,pt
Cebolla morada,es
Minicalzone Carne,es
Especial de la Casa,es
Ebi Roll,en
Carne de Jaiba,es
Combo 6,en
Teriyaki,en
Yakisoba de Mariscos,es
Unagui Cheese Roll ,en
98 Nigiri Kani,jw
Cevichado Roll  ,en
Yakisoba ,zu
Mix Tempura,en
As Al aguaite,en
Sashimi Atún,es
House Roll,en
Naruto maki,id
Ebi Tempura,en
Spicy roll ,en
Brug ,da
César Pollo,es
Masago,so
Empanada de Queso,es
Nigiri Ebi ,jw
Beto Maki,pt
Minicalzone Champiñón,eo
Naturista ,ro
Cebolla,es
Bom Bom Magnum,pt
Carne al jugo,es
Personal ,en
Néctar Durazno 350 cc,es
Ciboulette Tempura,fr
Salmon Salad,en
09 Sake Furay,so
California vegetariano,en
Pizza familiar hasta 4 ingredientes,es
Grandiosa,it
54.- Arcoíris,es
Tako Maki,sl
Kani Maki,tl
Mineral con Gas,en
Nigiri Ebi ,jw
Maguro Roll,en
Salsa Gyozas,es
Pollo,es
Light Roll,en
Chicken Salad,en
Palta,es
Torta Imperial de Chocolate,en
Palta Victoria,es
Salsa Oriental,es
California Tori,en
5 unidades,gl
Ebi Cheese Roll,en
California Ebi,en
Pollo,es
094 Compartido,es
Lunes,es
59- Cream Furay Fungi,so
Néctar de Piña,es
Barros Jarpa,es
Carne Tausi,sw
Principiante 1 persona,es
Empanadas Niu de Verduras,es
Naturo Roll,eo
"Pollo teriyaki, queso crema y cebollín",es
Tekka Maki,id
2 Pizzas Familiares de 3 ingredientes + Bebida 1.5 lts.,es
64.- California ,en
Winter Scallop Roll,en
Temaki Maguro,pt
Gyozas ,hu
030 Big tempura maki,en
Ebi Maki,en
Sashimi Mixto,es
Sabi Roll,tl
CheeseCake Roll,en
Sake Maki,en
CR4030 California sake cream,en
Ebi Tempura,en
Teriyaki,en
Tempura Ebi,en
Ebi Cheese Roll,en
Tori Tempura ,en
Yasai Cheese,ha
Rodeo,en
Salsa Spicy,en
Ikafuray,sw
California Gabba,en
Temaki Tempura,pt
Nigiri Tuna,jw
31. Sake ebi furay normal,so
Otate Hot Roll,en
Nectar Watts,en
Camarón,es
1 Ebi Tempura,en
Camarones Thai,es
Home Sandwich Extra Full Twister,en
141 Budweiser,en
12 Otate Furay,so
Tempura Light,en
Spring Roll,en
Tori Don,en
Tempura Roll,en
Mikan rolls,en
California Tery,en
California Tako,en
Pollo,es
Nordic Tónica,es
Soya,es
Tori Roll,en
Pollo a la plancha,es
Cuatro Leches con Frambuesas,es
Loco ,es
Congrio Cantones ,es
Nigiri Tako,jw
California makimono,en
Torta Manjar del Cielo,es
36. Temaki Sake,pt
Fran roll ,en
115. Batayaki,ha
Crispy Roll,en
Superior,es
Zen Roll,en
Kappa Maki,en
58.Sake Ebi Tempura Cheese,en
Bebidas en Lata,es
Ebi Teriyaki Roll,en
Pollo,es
Patagonia Roll,cy
Teriyakitori ,mi
Sakana tataki,mi
California Palmito,pt
Bebida express,pt
South Beach Burrito,en
Miyagi Roll,en
Tempura Mixto,es
Yakisoba Especial,es
Ebi Tempura,en
Bank Roll ,en
Tempura de Verduras,es
4 Quesos,es
California Roll,en
Congrio Champiñón,eo
Furai Roll,en
Tempuras,ms
Asaji roll,en
Ceviche Mixto,es
Camarón Mongoliano,es
Chapsui de Camarones,es
Parrillada Ying Feng,es
Puyehue,es
Nigiri Kanikama,jw
Gohan ,es
Mar y Tierra al Pilpil,es
House Tilapia,en
Muzzarella Ebi,en
Coca Roll,en
California Kappa,en
Alitas de pollo,es
D8 Dany,pl
California Mister ,en
Nigiri Tako,jw
Sake avocado,en
123. Tako Crispy,en
Tori Kani Chesse   ,fi
Crispy Roll,en
Chilena,es
Park 2 (30 cortes),es
Caviche Sake Ebi,en
Arroz con Mariscos,es
3 Presas Crispy,pt
123 Flan de caramelo,es
Bebidas 1.5 Lt.,es
"2 Yakimeshi, 8 Gyosas y 9 Special Palta o Special Hot",es
Shrimp Salad,en
Balls Crabs,en
Cream Roll,en
Ebicate roll,en
Mediana,es
Cornetto Cono,it
Tiramisú,ca
Makichesse,de
Corvina a la Moda,es
Bebida 1.5 Litros,es
Maximilian Roll,en
Rodeo,en
Ebi Tempura,en
38 Rolls Calientes 8,es
Mousse de maracuyá,es
Sakana Tataki,mi
Sakeotate Roll ,en
Ebi Tempura,en
Tempura Roll Palta,en
Avocado ebi cheese,en
Rainbow Roll,en
Gyozas de Camarón y Queso Crema,es
2 Pizzas Familiares de 3 ingredientes + Bebida 1.5 lts.,es
Queso choclo,es
Base Palta Jamón,es
De ave,es
Té Verde,ca
32 piezas,es
Promoción Unidos,es
Sake,en
Corvina a lo Macho,es
Ebi Roll,en
Camarón,es
Tepanyaki Lomo,es
Maguro Furai Roll (Nuevo),es
California Kappa,en
California Duri,id
Banana Tempura,en
7. Pizza española,es
Kobe dachi maki,uz
Gohan,es
California Andrés Roll,en
Promo 4,en
Jugo 100% Natural de Naranja Florida's Natural,es
4 Estaciones,es
Mini roller BBQ Tocino,es
Pizza Jacinta,es
Bom Bom Magnum,pt
Wasabi,en
Jengibre,es
2 Personas (26 piezas),es
Nigiri Ebi,jw
Yakisoba Ebi ,en
Ca-tu Roll,ro
Alitas de pollo,es
Kanikama ,ny
Salmón Teriyaki,es
Asu (9 bocados),es
Otate Furay ,so
Sashimi Mixto,es
Delicada,es
Maki Roll,en
Aros de cebolla,es
Cipollata,it
Tori Roll,en
Mix House,en
Superior,es
Tekka Maki,id
Bambino,it
Nozomi 2,id
Mediterránea,es
Costillar cantonés ,gl
Empanadas de pino ,es
Kioto Roll,es
Pulpo,es
Tofu Tempura,en
Bebida 1.5 lt.,lt
House Tilapia,en
Pizza Lasagna ,en
Rainbow Roll,en
Sthefan Roll Furay,so
Sashimi,en
Crab Roll,en
Chaumín Carne,es
Croquetas de jamón ibérico,es
Yakisoba Nikkei,en
Torta Chocolate Manjar,es
Condori Helado,es
Copa de Helado,es
Ceviche Tako Roll,es
Sándwich Carne Queso,es
Pan Ra Ya,vi
Lata 350 cc.,pl
Chicken Roll,en
006 Sashimi new style,en
Kokoroke Sake,en
Balls Crabs,en
Minicalzone Jamón,es
Sorrentino al huevo,es
Niu II (1 persona),es
California Tempura,en
Sashimi Sake,en
Rodeo,en
Bebida Lata,pl
Mini roller BBQ Cebolla,es
BBQ Crème,fr
Anchoas,es
Cerdo Mongoliano,es
Palitos de ajo,es
Minicalzone Jamón,es
Queso Cabra ,es
Vienesa Tomayo,es
Bocata de pollo,es
Nordic Ginger Ale,en
Futomaki Light,en
Pastas Italianas Cortas de Grano Duro,es
Oracle burger,en
House Roll,en
Menú 1,es
Ceviche Roll,es
California tempura otate,en
Dinamico,it
Ceviche Sake,es
Congrio Grille con crema di Verde o papas,it
Chirashi Premium,en
Jalisco,es
Dinámico ,es
Salsas,es
28.- Mi-Hass,de
4. California maguro,en
Combo 1,en
Avocado Roll,en
Nito Roll,tl
Tokio Roll,en
Capresse Roll,en
Chocolate Baileys y Avellanas,es
Palitos Reutilizables,es
Ceviche Roll Especial,es
More Cheese,en
Ebi Tempura,en
1 Pizza Personal de 3 ingredientes + Lata Bebida,es
78. Full Cheese (Queso Crema),es
144. Wasabi Extra,en
77. Nigiri Palta,jw
Avocado Roll,en
Ensalada de camarón,es
Avocado Camarón,es
Niu VIII (4 a 5 Personas),es
Kuntsmann Pale Ale,en
Moncho Roll,gl
Sakedu Tempura roll,en
25. California Sake Ebi,en
Delicada,es
Delicia Roll,pt
Tepanyaki Lomo,es
Jalea       ,es
Té verde,ca
California Ebi Cheese  Tempura                      ,en
Lata 350 cc,pl
Sekiten Roll,en
Duo de Chocolate,en
Fanta 350 cc,sl
Agua mineral con gas,es
CheeseCake Roll,en
Crispy Roll,en
Familiar,en
Queso Flambé,es
Greco Tempura,it
Mozzarella,it
Provoleta importada,pt
Yakimeshi EBI (Individual) ,en
078 Hawaii roll,en
Masago,so
Tempura Maki,en
California Tori.,en
Barros Jarpa,es
"Ave, desde",es
Falafel,en
Salsa Bogart (maní),es
Furai Roll,en
42.- Sake Cheese,en
Coca Roll,en
California Ebi Crispy,en
Lomito Luco,it
Gyozas de Verdura,it
Pollo parmesano,es
Tako pulpo,es
Apanados camarón,es
Avocado Kani,tl
Light Roll Tofu Roll ,en
Otate Cheese,en
Nigiri Kanikama,jw
Temaki Spicy,pt
Americano,pt
36. Tako Chesse Roll,sl
California Tako Spicy,en
Arrebato veraniego para 2 - 24 bocados,es
2 pizzas lasaña,es
Avocado Roll,en
Luco,it
Jugos,es
Hosomaki Tako Maki,sl
Palanca,es
Gyosas pollo ,es
Botella de Sour,es
Tori Furai,fi
Coca Cola ,gl
California Sake,en
Mechada Chilena,es
Café Expresso,pt
Tori,fi
Ebi Tempura,en
Jugo Watts 1.5 lt. De Naranja,es
Sabi Roll,tl
I Pizza Mediana de 3 ingredientes + Bebida 1.5 lts.,es
Pizza Mediana de 3 Ingredientes+ Bebida 1.5 lt.,es
Ensalada Pondichery,fr
Familiar,en
Thai,en
Sake Maki,en
Tempura Roll,en
Capri,en
1. Argenta,it
California Tempura,en
Diam Roll,la
Ravioli,it
Carpaccio de Salmón,es
Ebi Palta,es
Tori White,en
68 Tori Cheese Furay Roll,so
Unagui  ,sw
Salmón,es
81. Maguro maki normal,en
Serrano Red Roll    ,en
Yakimeshi,sw
Tempura Mix,en
4-California Maguro      ,en
"Tacu, desde:",lv
Pan de Molde,es
Avocado Roll,en
Nigiri tako,jw
Home Sandwich Extra Full Mixto,en
Otate Furay ,so
Alitas de pollo,es
4 Formaggios,it
Pequepizza,es
039 Lox roll,en
84. Apetaizer de Salmón,es
Masago,so
Barbacoa Creme,es
11.- Tekushima Furay,so
Nigiri Kanikama    ,jw
Bebida 1.5 lts.,pt
California Tori,en
Futomaki,zu
Hosomaki Kani Maki,tl
51.Panco katsu,et
Española              ,es
Media Pizza 40 cm,en
Nigiri Avocado,jw
Nigiri Tako,jw
Beto Roll,pt
Lomito Luco,it
Queso aceituna,es
Tempura White,en
Lomito Luco,it
Koroke de Jaiba,yo
Masago ,so
Reñaca,es
Matsue Roll,en
California Almond,en
14. Kariño normal,eu
Expresso,pt
67 Combinación 45 Piezas,es
2 Pizzas Medianas de 3 ingredientes + Bebida 1.5 lts.,es
Pizza Napolitana,es
Salmón Ahumado,es
Mushroom Cheese,en
Palitos de ajo,es
"Camarón, queso crema, palta y ciboulette",es
18 Piezas,es
Emi Roll,en
Temaki Tori,pt
Pequepizza,es
Pad Thai,en
Niku Chizu,lv
Súper Crunch ,es
Tentación ,es
California Natura,en
As Italiano,it
Familiar,en
Minicalzone Champiñón,eo
Ebi Hot White,en
Mediana,es
California Ebi Cheese Tempura,en
Jalisco,es
Onion BBQ,en
Black Bean Soup,en
Di granchi,it
Yakisoba de Mariscos,es
Tres Leches,es
California ebi tempura,en
Almond Roll,en
California Sake,en
Bebida de Lata,es
Rai Roll,en
Naturo Roll,eo
Razz 57,pl
"Camarón, queso y palta",es
Snow Tempura Roll ,en
Sésame tako,fr
Akai para Compartir C,gl
Spring Roll,en
Crispy Roll,en
California Tempura,en
Spicy Tempura,en
arroz a la jardinera,es
Avocado eby,en
Korokke,vi
Rava Roll,en
Ebi Maki,en
Beffe a lo pobre,it
Kanikama,ny
Torimeshi,sq
Niu III (2 Personas),es
Gyozas de Camarón,es
California Avo Tori,en
Sprite,en
Chilena,es
Ebi Tempura ,en
"Especial Salmón con Salmón, Pepino y Palta",es
Wasabi,en
Home Big Pollo Full,en
Bajiru Roll,en
Del Chef Roll,en
Tekka Maki,id
Gohan Ebi,en
California Tako Spicy,en
Nigiri Tako,jw
Minicalzone Jamón,es
Yakisoba de Mariscos,es
California Palmito                               ,pt
Promo 60 Piezas,es
Empanadas Wow,es
Mushroom Cheese,en
Sashimi Especial,gl
Ebi Roll,en
2 Personas (26 piezas) ,es
56 Tako Cheese Roll,en
Treasure Sushi 4,en
I Pizza XL de 3 ingredientes + Bebida 1.5 lts.,es
Mozzarella Ebi,en
Avocado Roll,en
043 Chicken roll,en
Yakimeshi Tori,fi
3 pizzas medianas hasta 3 ingredientes,es
Sopa de Mariscos,es
Vitamaki,sw
Winkita Rolls,en
Stolichnaya,lv
28 Umi,ms
Tempura yagi,id
Nigiri Maguro,jw
Salsa Teriyaki,en
7.California ostión cheese,en
Furay Roll,so
Yakisoba,zu
Corsara de Camarones,es
BBQ Creme,en
Pescado frito o a la plancha,es
Ginger Ale Light,en
Crazy hot,en
Gyozas ,hu
Tempura roll,en
90 Piezas,es
Vital,en
87. Ceviche Atún,es
Tempura Roll,en
Postre,es
Akai Maki,en
Cuatro Quesos,es
3 X 1 Pizza Familiar,en
Nigiri Ebi,jw
25 Cream teriyaki,en
Salsa Teriyaki,en
Take 2 personas,es
Gohan base de arroz,es
2 X 1 Pizzas Medianas,es
A la creme,fr
Tempura charles roll,en
Bagel Roll,en
116- Bebida 1.5 Lt,lt
Tempura Light,en
California Tori.,en
Saba ,sw
Ebi Maki,en
Acevichado Roll,en
Pequepizza,es
Ebi Roll,en
Boca Ancha,es
Rock & Roll,en
Superior,es
Maki,ms
105- Gyozas de Pollo,es
Chilena,es
Parisina,es
California Unagui                              ,en
Vital,en
Liviana,es
Tako Sake Roll,en
Nigiri Maguro,jw
Tako Roll,sl
Ebi ,en
Pizza Siciliana,it
Arma tu Gohan,es
Kei,mi
48 piezas,es
Bambino,it
Inka Roll,en
Ebi Roll,en
Salsa Spicy,en
Salsa Gyozas,es
Minicalzone Carne,es
Cheese Roll,en
Tempura Sake,en
California Natura,en
Completo,es
Sorrentino,it
Brochetas de Camarón,es
Superior,es
070 Stalyn roll,en
Ensalada del Mar con Pollo Grille,es
Home Mixto,es
Masago,so
Dado Roll,es
Superior,es
California Cheese                  ,en
Jalisco,es
California Ebi,en
Napolitana ,es
Nico Roll,en
Filete Algas,es
Alitas de pollo,es
Ebi Maki,en
Yakisoba,zu
Queso ,es
Salsa Orimushi,es
Florentina,ro
127 Copa mousse de chocolate,gl
Spicy Maki,en
Bandeja de sushi con 19 piezas,es
Ceviche entre patas,es
Nuggets de Pollo x4,es
Promoción 9 (24 Unidades+Careage),gl
Arroz con camarones,es
California Sake,en
Ebi Cheese Maki,en
Mix Niu Furai,en
Nagasaki Rolls,en
Medialunas ½ Docena,es
California Maki,en
Musashi,en
Queso Crema,es
Gohan,es
Sashimi Sake,en
Ebi Cheese Roll,en
Buffone,it
Ceviche Sour   ,es
Tempura Cheese Sake Roll,en
Jalisco,es
Sake maki         ,en
Anguila ahumada,es
Empanadas de pino ,es
Gyozas de Cerdo,es
Almendrado Tempura,en
Camarón,es
Sake Light,en
California Gabba,en
Bagel Roll,en
Avocado,en
Nigiri Masago,jw
92 Niguiri Avocado,en
California Unagui ,en
Palta Seba Maki,sk
Sashimi Del Chef,fr
2 x 1 Pizzas Familiares,es
Spring Roll,en
Fresh roll,en
Chapsui de Algas,es
Sabores,es
California mix,en
Brochetas,es
Ebi Cheese Especial,en
Tártaro de la Casa,pt
Giorgio di mare,it
Promoción válida sólo Domingo: 3 pizzas medianas hasta 3 ingredientes ,es
Box Full Clásica,gl
California Kappa,en
Botellin carmen margaux ,fr
Ebi Avocado Maki,en
Espresso Punto C,it
Salsa Thai,en
Smoked Rolls   ,en
Tekka Maki,id
California Cheese,en
Gyozas de Cerdo,es
Italiano,it
Avocado Roll,en
Patagonia Roll,cy
Salsa Tare,ro
Kappa Maki,en
Yakisoba de Mariscos,es
Aros de cebolla,es
4 Estaciones,es
Ebi Furai Roll,en
4 Estaciones,es
3 pizzas medianas hasta 3 ingredientes,es
Irish,en
Menú Para Cinco,es
California Sake Cheese,en
Sake Roll,en
Balls Crabs,en
168 Unagui,sw
Carne Tausi,sw
85) Tori 2,fi
California Duri,id
Lomito Luco,it
Ceviche Roll Especial,es
Nigiri Tako,jw
Promo 4 - 2 personas (28 piezas),es
Salmon Salad,en
19 Sake Rolls,en
Nico Roll,en
Futomaki Kani,tl
Ebi Cheese Maki,en
Alitas de pollo,es
California Tempura,en
Turo Roll,en
Cebiche Mahi Mahi Camarones,es
45- Hot Roll Tori,en
Yakisoba Nikkei,en
077 Andy roll,en
Jengibre,es
Promo 3 (56 piezas),es
Avocado,en
Presas Crispy   ,pt
"8 Palta Maki, 8 Hosomaki Salmón",es
Hot Roll,en
Paella Mixta,es
Mini roller BBQ Cebolla,es
Hamburguesa camarón,es
Camarón furay,so
Cornetto Cup,it
Mousse de Maracuya,fr
Minicalzone Champiñón,eo
Nigiri Kani,jw
Razz 37,pl
Ebi Tempura,en
Chilena,es
51) Tery sake,en
Italiano,it
Nigiri Ebi,jw
Sake Maki,en
Camarón mandarín (5),es
Saboso,st
Salad Fresh I,en
Mini roller BBQ Cebolla,es
2. California Sake,en
2 sándwiches a elección,es
California Fresh Roll,en
Pollo Teriyaki con Gohan,es
Mini roller BBQ Choricillo,en
Pacific Rolls,en
2 Personas (38 Piezas) ,es
Sashimi Del Chef,fr
Butter Roll,en
Grandiosa,it
Chicago,en
Sashimi Mixto,es
Tori Crispy,en
8 bocados envueltos en masago,es
Onion BBQ,en
California Cheese,en
Ikafuray,sw
Palitos de ajo,es
66 Vegetariano Roll,pt
Tsuri Roll,en
Vegetariano chacarero,pt
Minicalzone Champiñón,eo
Fiesta Roll,es
Spicy Tempura,en
Menú para 3 Personas,es
Lata 350 cc.,pl
Lomo mar y tierra,es
Nikkei rolls,en
Ceviche Roll,es
Hosomaki Tekka Maki,id
2 Personas (38 Piezas),es
34 Kirisuto,lt
Bebidas 1.5 Lt,es
Gyozas de Cerdo,es
Promo 1,en
Yakimeshi,sw
Sándwich York,es
18.- Místic Roll (6 bocados),ca
Avocado Tuna Cheese,en
Special Kani,en
Nigir Pulpo,es
Tempura Roll Palta,en
Salmón Bowl,es
Yakisoba de Mariscos,es
Sakana Tataki,mi
Teri Sake Roll,en
Liviana,es
Combinación 1 (22 bocados),es
"6 unidades, desde:",gl
Unagui rolls,en
Otate Roll,en
Churrasco de Filete a lo Pobre,es
California tako,en
Nigiri Crab,jw
Temaki Ebi,pt
Temaki Ebi ,pt
EN2079 Toriyaki Salad,en
As Luco,it
Combinación 3 Personas,es
Ensalada para 2,es
California avocado,en
Yakimeshi,sw
Akai Extra D,en
Frito Trujillano,es
Smoky Roll,en
A1.- Churrasco ,pt
Callifornia Sake,en
Nigiri Masago,jw
Shawarma Champiñón,eo
Nigiri Sake ,jw
3 Presas Crispy,pt
055 Tori shiru,ha
Spicy Tempura,en
Wantan Relleno con Camarón,es
Kurumiage,sw
Salsicce,it
Mollusca tempura roll,id
Lomito Luco,it
Cheese Meat,en
Chahan Nikkei,en
Pan con ajo,es
Otate Furay,so
1 California Sake ( 8 piezas),es
Minicalzone Carne,es
Fanta ,sl
Nigiri Tako   ,jw
Tartar Niu,en
54. Mancora,es
Sake ,en
98- Yakimeshi Especial,es
Fetuccine alla Veneziana,it
Sakanata Tataki,mi
Salsa Unagi,jw
Chirashi Tori,fi
Pizza vegetariana,it
California sake cheese,en
Niguiri Tako,sl
Jugos naturales,es
Mozzarella Ebi,en
Avocado Roll,en
Superior,es
Masago,so
Maki Roll,en
Crepe ave y albahaca,es
Chicken Roll,en
Maguro Sake,en
Kanikama Roll Tempura,en
Cornetto Cono,it
Nigiri Sake ,jw
Bebidas,es
Rainbow Roll,en
Sésamo             ,es
Chicken Roll,en
Hamburgesa d6,fr
Tori White,en
Rodeo,en
Champi roll,jw
California Maki Especial,gl
Wok para 4,gl
121 Gohan Especial,es
Smoke Roll,en
Tempura Roll,en
Sashimi Mixto,es
A la creme,fr
Nambanmaki pollo,es
Temaki tori pollo,pt
Teriyaki,en
3 Chicken Strips,en
Latte,it
Ikafurai,sw
Damasco,es
House Roll,en
3 Chicken Strips,en
Gasushi Niguiri,ha
Níveo,pt
Alitas de pollo,es
Cerdo,es
Gyozas de Pollo,es
Tempura ,en
Huancaína Roll     ,en
Tropic Roll,en
Chilena,es
California vegetal,en
Beto Roll,pt
Condori Helado,es
Bebida 3 Litros,es
Tempura de Verduras,es
California Maguro,en
Grandiosa,it
Hosomaki Ebi Tempura Maki,en
Avocado Roll,en
Wantán People,en
Parrilla China,es
030 Big tempura maki,en
14 California Sake,en
Tempura Ebi,en
Cream Roll,en
Pequepizza,es
Burgués,es
058 Moishe roll,vi
Camaron a la China ,es
2 X 1 Pizza Personal,en
Tori Beef Roll,en
Sei (8 bocados),es
Barros luco,pt
Ceviche Roll,es
Bebidas en Lata,es
Ebi Cheese,en
Cena para Dos No. 2,pt
Prawn Patiala ,en
Chaufa 3 sabores,es
California Makimono,en
18.- Místic Roll (6 bocados),ca
Té Verde,ca
Teriyaki rolls,en
Chilena,es
Hosomaki Sake,en
2x1 lunes,es
Menú de Niño,es
California Pollo Ebi,en
Nigiri Tako,jw
Nico Roll,en
Tori Tempura                ,en
Gyozas de Camarón y Queso Crema,es
Unagi Roll,jw
California Tempura,en
Cerveza sin Alcohol,es
Elige 1 de las 3 Nuevas Pizzas + 3 Litros de Pepsi ,es
54 Natura Sake,en
California Nut,en
Kebab chileno,es
Tempura Sake   ,en
Akai Acompañado B,es
75 Teo Roll,en
Wasabi,en
Special Roll Kani,en
Ebi Cheese Special Roll,en
4 Quesos,es
A la creme,fr
Pollo Katsu,et
Agua mineral,es
Spinaci,it
Yakisoba de Carne,es
Onion BBQ,en
Corvina a la Mantequilla,es
Chicken Furai Roll,en
Massago Cream,so
Nug-niños,es
Empanadas de pino ,es
Nigiri Avocado,jw
California maki,en
California Ebi,en
California Crabs                                ,en
Sándwich Italiano,es
Palta Seba Maki,sk
California Palmito.,pt
25. California Speed ,en
114 Ceviche Roll,es
Light Roll,en
Samurai ebi otate,en
24. Sake,en
Frutilla,es
California Sake Chesse,en
Capresse Roll,en
Ebi Spicy Roll,en
Delicada,es
Gyutataki,sw
Tempura Roll,en
"Sweet rolls, desde:",en
Fideos Thai,cy
Natura Roll,it
Yakisoba,zu
Combo 6,en
California Unagui.,en
Pollo Chiten,es
Sicialiana,it
Crema Rocoto,it
Pato Pekin,gl
Cheese Spice,en
California Almond,en
Rock & Roll,en
Sashimi Sakanatataki,en
Take (4 personas),es
California Tokio,en
Jalisco,es
043 Chicken roll,en
Súper Crunch ,es
Futomaki Chili Meat,en
Chahan Nikkei,en
Tortilla Trigo,es
Nigiri ebi,jw
Especial,es
Palitos de ajo,es
Salsa Unagui,es
Sándwich El mesón chicken,es
Sake Nigiri,jw
Bebidas 1.5 Lt,es
Chuleta al Jugo y Agregado,es
Sake Chesse ,en
Bebidas,es
Nori Tempura,lt
Huancaína Roll     ,en
Home Sandwich Extra Full Twister,en
Cebiche Mister ,es
Maki Roll,en
Pollo Yangtse,no
California Sake,en
Tonkatsu Roll,en
Spring Roll,en
Unagui Hot Roll,en
Pollo c3,es
Bambino,it
"6, Atún",es
California Light,en
Ensalada Mixta,es
Empanadas,es
Refresco 500 ml,es
Chirashi Chef (Gohan),fr
4 Quesos,es
Cheese Cake,en
Promo 5,en
081 Lima roll,en
Nigiri Ebi,jw
Especial de la Casa,es
Cornetto Cup,it
Delicia Roll,pt
25 Tako Roll,sl
Pollo con Champiñones,es
Trilogía de Camarones,es
Nigiri Maguro,jw
Para 4 Personas ,es
Fetuccine alla Nere Rusa,it
Alitas de pollo,es
006 Sashimi new style,en
Crab Roll,en
ToriRed Tempura                                          ,en
Green Roll,en
114. Hotate cheese roll,en
Bambino,it
Pequepizza,es
California Makimono,en
Nigiri Ebi,jw
Nigiri Tako,jw
Temaki tempura,pt
Niu III (2 Personas),es
Nigiri Tuna,jw
Crispy,en
Naturista f7,ro
Pechuga Chacarera,es
Extra Champiñón,eo
Maximilian Roll,en
Ebi Spring,en
Combo Super Crunch Queso,es
Cerveza Austral,es
Yakisoba,zu
Minicalzone Champiñón,eo
Café Expresso,pt
Ebi,en
Arrollado Primavera (5 Unidades),es
Moncho Roll,gl
Temaki Unagui,pt
Pizza mediana hasta 4 ingredientes,es
House Roll,en
Vienesa Barros Luco,es
Sprite ,en
Sashimi Sake,en
Cremissimo,it
Camarón ,es
Tonkatsu Roll,en
Winkita rolls,en
Productos extras,es
Torimeshi,sq
California Tempura,en
115 Gohan 1,es
Pizza familiar hasta 4 ingredientes,es
Albahaca Roll,es
Nigiri Unagi,jw
Condell Sur,fr
Ottate cheese rolls,en
Nigiris,yo
Nico Roll,en
Churrasco Español,pt
Teriyaki,en
Palta,es
Eby Tempura,en
Empanadas Niu Camarón,es
California ebi cheese,en
Haru roll,id
Spring Roll,en
Minicalzone Jamón,es
Ca-tu Roll,ro
Patagonia Roll,cy
California Maki Especial,gl
Minicalzone Champiñón,eo
Inca Roll ,ro
Brownie Roll,en
Cheescake Salsa Frutilla,es
Ceviche Mixto,es
Light Roll,en
Beef Nikkei Roll,en
37. Cream Ebi,en
Campesino,es
Chicken Roll,en
Superior,es
Tempura tori,en
Ebi ,en
Rincón,es
Pizza base más 4 ingredientes,es
Smoke ,en
Completo,es
Ebi Maki,en
"Rolls Deluxe, desde: ",en
Carne Primavera,it
Caviche Sake Ebi,en
Cappeletti Boca de Dama,es
"14. Porotos verdes, ají verde, tomate, mayo Mondo y ajo",es
California Tori,en
Ceviche Roll    ,es
Avocado Cheese Roll,en
6 Personas (90 piezas),es
Sashimi Appetizer ,en
Ebi Cheese Maki,en
Carte Dior,fr
Avocado Roll,en
Promoción válida sólo Domingo: 3 pizzas medianas hasta 3 ingredientes ,es
1 pizza mediana de 3 ingredientes,es
2 Personas (38 Piezas),es
Jengibre,es
"Camarón, desde:",es
Delicada,es
Nigiri Tuna,jw
Minicalzone Jamón,es
Promo 5,en
Sashimi Appetizer ,en
2x1 Pizzas,en
Cebollín,cs
1 Avocado Tako Spicy,en
Wasabi,en
Hosomaki Kapa,lv
2 x1 Pizzas Personales,es
Tepanyaki Lomo,es
Tofu Teriyaki,en
Prosciutto,it
Kushikatsu,sw
Nigiri Tako,jw
SANTA EMA SELEC TERROIR,fr
Rainbow Roll,en
Aderezos,es
Ensalada Tabbule,es
Temakiebi,pl
3 pizzas medianas hasta 3 ingredientes,es
Crispy Roll,en
Especiales Furia Pollo,es
Menú 2,es
Paneer Makhani,ny
California unagui sésamo,es
Barros Jarpa + Té o Café,es
Sándwich Barros luco,es
California eby,en
A la creme,fr
Minicalzone Champiñón,eo
CheeseCake Roll,en
Sake Roll,en
Crab Maki,en
Hannah Roll,en
Nigiri camarón en salsa verde,es
Nigiri Unagui,jw
Cheescake Salsa Dulce de Leche,es
Tako Spicy,en
Envoltura de salmón ,es
Alitas de pollo,es
Cheescake Salsa Frutilla,es
Escoge,es
Italiano,it
Maida Roll ,en
3 pizzas medianas hasta 3 ingredientes,es
As normal,en
Barros Jarpa,es
55. Futomaki salad normal,en
Gyozas de Pollo,es
Alitas de pollo,es
Empanadas de pino ,es
Tabla A 4 Personas,es
Pizza mediana hasta 4 ingredientes,es
Niku Teriyaki,en
Ensalada Dachi,es
Delicada,es
Pizza a la Empanada ,gl
California Maki,en
Capel ,cy
Mix Niu Furai,en
Mediana,es
"8. Palta, queso, champiñones y salsa Mondo",es
Lomito Luco,it
Yakisoba,zu
Soya,es
Sabor de Italia,es
Ca-tu Roll,ro
Níu Maki,is
California Cheese,en
Sake Roll,en
Hosomaki Sake,en
Tonkatsu Roll,en
Bebidas,es
Wok Niu,en
Tempura Roll,en
Lomito Luco,it
Temaki Sake,pt
Dúo del Mar,gl
Chilenaza                ,ny
Palta Seba Maki,sk
7 California Sake,en
"Camarón apanado, queso crema, palta",es
Bambino,it
2 x 1 Pizzas Familiares,es
HT4066 Hot Woods,en
Temaki Maki,pt
Kumpao ,tl
15.- Natushi Roll,en
2 x1 Pizzas Personales,es
22 Sake Ahumado,es
26 Ebi cheese tempura,en
Tako Spicy,en
Charly Roll,en
048 Tuna roll,en
Gyozas de Cerdo,es
Tori Roll,en
Tres Leches,es
Delicada,es
California Tempura,en
Tommybra Roll ,en
Hoso Palta Maki,mg
Hamburguesa chacarera,es
Yaku,ha
Yessy Roll,id
California Gabba,en
Jugos naturales,es
Luco huancaína,it
Filete de Corvina,es
Curry,en
Cornetto Cono,it
Rainbow Roll,en
42 Ebi Maki Cheese,en
Cerveza sin Alcohol,es
125 Delicias de maracuyá,es
4 Personas (64 Piezas),es
Hoso tako,mg
California Champ Tempura,en
Salsa Unagui,es
Zen roll ,en
27 Angi Roll,no
Almendre Rolls,en
California Almond,en
California Tokio Limón,es
Tubi Rolls,it
Hosomaki Ebi Cheese Maki,en
Menú 2,es
Mediterránea,es
Chirashi Premium,en
Carpacho de Salmón,es
Double Cheeseburger,en
Avocado Roll,en
Empanada marisco,gl
Gyozas de Cerdo,es
Sándwich pulpo al olivo,es
1 Pizza Familiar de 3 ingredientes + Bebida 1.5 lts.,es
Chilena,es
Fanático 1,es
Mongoliano ,st
Tako Maki,sl
Personal ,en
Razz 62,pl
Torimeshi,sq
Alitas de pollo,es
Lomo Salta Roll,es
Furay Roll,so
Rai Roll,en
Mini roller BBQ Tocino,es
97.Gohan,es
Temaki Spicy,pt
Lomito Luco,it
California Ebi Tempura ,en
Puyehue,es
Ramen Soup,en
Tempura ebi cheese,en
Tempura Ebi,en
Cheese panko,es
Aquarius 1.5 lts. ,en
Crab Maki,en
Aros de cebolla,es
Cóctel de camarón,es
César con Camarones,es
Rainbow Roll,en
Ebi Furai,en
Tako Roll,sl
Seke Maki,bs
Nigiri Unagui,jw
Salsa Orimushi,es
Gotzila Roll,en
Osaka fresh,en
Korokes,eo
"Envueltos en palta, desde:",es
Guabalozo,eu
EN4092 Cebiche,es
Tiramisú de la Casa,ca
Avocado Roll,en
Morcillas,es
Yakisoba,zu
Capi Roll,it
4 X 1 Pizza XL,en
76.- Tori Tori Roll,en
1 Pizza Mediana de 3 ingredientes + Bebida 1.5 lts.,es
Vegetales Tempura,es
Sashimi Sake,en
Take Frambuesa,es
Temaki sake ,pt
Barros Jarpa,es
Ave chacarero,en
Nigiti Tako,sl
Tempura Maki,en
Mediana,es
Ebi Roll,en
Mozzarella Ebi,en
Risotto al Frutti di Mare,it
Onion BBQ,en
California Gabba,en
Pizza calabresse,en
Chorrillana Mexicana,es
Salmón Teriyaki,es
Surimi Special Roll,en
Kanimaki,mi
Crispy Roll,en
Pollo Katsu,et
Ebi maki ,en
EBI Cheese Green Red Roll ,en
Toro 1 con pollo + salsa de queso y champiñones,es
4 Quesos,es
Sashimi Tako,sl
Pequepizza,es
California Ebi Cheese,en
Salmón,es
California Maki                              ,en
Sake Tempura,en
Temaki Tempura,pt
Aros de cebolla,es
Volcano Roll,en
4 X 1 Pizza XL,en
30 Cortes vegetarianos,es
California Tako Spicy,en
Chilena,es
Tempura Roll,en
Mozzarella Ebi,en
Pizza Milanesa,pt
Cheescake Salsa Frutilla,es
Ensaladas,es
6 Personas (90 piezas),es
Tori Roll,en
Pizza Inglaterra,es
Piqueo frutos de mar ,es
Tonkatzu Roll,en
Chirashi,uz
London Fog,en
California Tako Spicy,en
B4 Bakku,en
Empanadas Niu Camarón,es
Bambino,it
Chifa maki,es
Tartar Niu,en
15. Nigiri Ebi,jw
Mechón,es
Tiramisú,ca
Kioto Roll,es
Rainbow rolls,en
Musuko Roll ,en
Ebi Cheese Maki,en
Cochoa,ga
Olivo Rolls,en
Tempura roll ,en
Menú 92 Piezas,es
Chirashi Sake,en
Papas,es
A la creme,fr
Chicken Poppers,en
Personal ,en
149 Cervezas sin alcohol,es
Bebidas en Lata,es
Austral Roll,en
Nikkei Roll,en
4 Quesos,es
De filete,es
Kokoroke Sake,en
Mix de Camarón Tempura ,es
Especial de la Casa,es
Familiar,en
California Ebi Crispy,en
Boston Blue Burger,en
California Ebi,en
Ceviche Nikkei,es
Empanadas de pino ,es
Tekka Maki,id
Hamburguesa Española,es
Temaki Kani,pt
Lomito Tomate,es
Papas,es
"Botella sin envase, desde:",es
Empanadas Niu Pollo,es
Spaghetti Cuatro Quesos,es
Barros Jarpa,es
Gyozas de Camarón,es
Queso y aceitunas negras,es
Crab Don,en
Akita Roll,en
California Maguro.,en
Personal ,en
Tokio,lt
Tori Tempo,it
Miso Soup,en
Rodeo,en
Provoleta,cs
Nori Tempura,lt
California Roafbeef,en
Tampy Roll ,sk
Tuna Furai,en
Ebi Maki,en
Chahan Nikkei,en
Cerveza sin Alcohol,es
Ebi Cheese Maki,en
Kariño Roll,eu
Tori Champiñón,eo
Gyosas de Camarón,es
Jugo de Durazno,es
75 Especial roll queso crema y camarón,es
Tsurai Roll,ht
Smoky Roll,en
Bebida,pt
Ginger Ale Light,en
Calamar Tausi,es
Sándwich vegetariano palmito,es
Ebi Cheese Roll,en
Maximilian Roll,en
Masago,so
Sake,en
Kioto roll,es
Barros Jarpa,es
Volcano Roll,en
Alemana  ,es
Olivas ,es
Aki Fish,en
Tonkatsu Roll,en
Toro 2,es
Unagui Avocado,en
Mediana,es
Ebi Cheese Roll,en
Cebollín,cs
Botella de 1.5 lt.,es
Otate roll                   ,en
Sashimi Appetizer ,en
Fiesta Roll,es
California Ebi Crispy,en
Chivito canadiense,es
Nigiri Ebi ,jw
Tori roll,en
Hotaro Roll,en
20 California Tempura,en
Feña Rolls,en
35. Panko Chesse Roll,es
Proscuitto,it
Futomaki Sake,en
38.- Futomaki Tako,sl
Ebi Nikkei,en
Ceviche Sour   ,es
Big Pollo,en
Base Palta Atún,es
California Ebi                     ,en
Chivito italiano,it
Ebi Gyozas,en
Salmón Teriyaki con Gohan,es
Sake Ebi,en
Capel Sour Premium,en
Hosomaki salmón ,es
44. Nori roll,en
Infusión,es
Empanadas,es
Teriyaki Salmón,es
74. Ebi Ramen,en
Tori Crispy Roll,en
"Palmito, queso crema y zanahoria",es
Superior,es
Empanadas,es
Udon Soup,en
Balls Crabs,en
Take Cheese Roll,en
Superior,es
California Unagui,en
48 Yakemeshi Sake,en
Pollo Teriyaki,es
Mini roller BBQ Tocino,es
California Tempura,en
Canapés de Camarones,es
Torimeshi,sq
Ave solo,it
Akita Roll,en
Elige 1 de las 3 Nuevas Pizzas + 3 Litros de Pepsi ,es
Pollo teriyaki,es
Temaki pulpo,pt
California Ebi Crispy               ,en
California Makimono ,en
Pizza de Carne,es
Futomaki Light,en
Yakimechi,sw
Capresse Roll,en
037 Borde rio roll,sv
Mediterránea,es
(5) Bocados ( 5 variedades) (3) Hosomaky (3 variedades) (4) Nigiri (Camarón-Pulpo- salmón- atún) (9) Cortes de sahimi (Atún- sal,es
12 Empanadas de Queso,es
Mini roller BBQ Cebolla,es
Jengibre,es
Coctel House,es
California Tako Spicy,en
Tempura Meat Chili Cheese,en
I Pizza Mediana de 3 ingredientes + Bebida 1.5 lts.,es
114 Sake Brad,en
Onion BBQ,en
Yakisoba Nikkei,en
68. Hoso Otate,mg
1 Gyossas de de Pollo ( 5 unidades) ,gl
Alitas de pollo,es
Pesacados,pt
2 X 1 Pizzas XL,en
Tori Beef Roll,en
Corona,ca
Tako,sl
Futomaki Tempura,en
44. 9 cortes de salmón o pulpo,es
Salmon Salad,en
California Tempura,en
Siciliana,it
Crispy Roll,en
Pizza familiar hasta 4 ingredientes,es
Kanye Roll,en
Sakanatataki,ha
Ebi Furay Roll Cream,so
1 Persona (18 Piezas),es
Nigiri Ebi,jw
Arma tu sándwich,es
Teri Roll,en
Temakis,et
30 Vittorio Roll,it
Sándwich de Lengua Español,es
Gyosas Verdura,it
Promo 4,en
Murgh Curry,en
Teri 32 Piezas,es
Menú 3,es
Calizza Champiñón,eo
Suspiro Limeño,es
Crispy Roll,en
Rai Roll,en
Ceviche Roll,es
8 Sake Aoi,en
Furay ebi,so
Temaki Maguro,pt
Especial de la casa,es
Crispy Roll,en
5 Hosomaki Kapa,lv
Tempura de Verduras,es
Cremissimo,it
Palitos de ajo,es
Surimi Maki,fr
Champiñones salteados,es
Ebi Gyozas,en
Envueltos en salmón,es
Minicalzone Champiñón,eo
Ciboulette Tempura,fr
Frutti di Mare,it
Asu (9 bocados),es
Sake Hor Roll,en
16 California Tery,en
Gyozas de Verduras,es
Akai Acompañado B,es
Special rolls:,en
House Roll,en
Cachantun mas 500 ml,pt
Chaufan con camarón,es
Maamul,so
Furai Spring,en
Miso Soup,en
Tempura Mixto,es
Pony malta,en
Atún ,es
"Queso Crema, Cebolla y Champiñón",es
4 Personas (52 Piezas),es
53.Blank,en
Martes,es
Especial de la casa,es
California Natura,en
Personal (B),en
As Chacarero,en
Temaki ebi,pt
Ebi Cheese Crunch    ,en
3. California sake ebi normal,en
House Salad,en
Guille Roll,es
California Tori,en
Ebi Chizu,en
Empanadas de pino ,es
Camarón Mandarín,es
Mini roller BBQ Choricillo,en
Calizza Italiana,it
Coca-Cola Light ,en
Capresse Roll,en
Alitas de pollo,es
094 Camarón tempura,es
California Gabba,en
Yakisoba camarón,es
Salmón,es
California Sake,en
Néctar Watts,pt
024 Hand roll 3,en
Salsa Asiática,es
12 Empanadas de Queso,es
Vienesa Canadiense,es
Sake Furay Rolls,so
Chahan Nikkei,en
Wasabi,en
Kioto Roll,es
Sake tori,en
Ice te,en
Sándwich BMT,es
Empanadas de pino ,es
Salsa Tomate Rocoto,es
Salmon furai salad,en
Especial de la casa,es
71. Sake Furay,so
Matsue Roll,en
Tempura Mixto,es
Gnocchi de zapallo papa,es
Ceviche Hino - Hana,gl
Ensalada César con camarón,es
Ke Banquetazo 7 presas,id
Cheescake Salsa Dulce de Leche,es
Bailey's Roll,en
California Ebi,en
Minicalzone Champiñón,eo
Dúo marino de la casa,gl
Menú 3 Personas,es
Ayuda – palitos,es
4.1 Bronto Barros Jarpa ,gl
Yakisoba Nikkei,en
Lomito,fi
Torta de chocolate,it
Sándwich Miga + Café Grande,es
Sea (jugo + Postre),es
Fingers de queso,es
Griega,es
Tsurai Roll,ht
Avocado cheese,en
Mediana,es
Javi Roll,en
Sashimi sake,en
Red Bull,en
California Maguro,en
Papas fritas + salsa,es
Tako cream,sl
Torta Imperial de Chocolate,en
Natural salad,en
California tori,en
Sopa de Mariscos,es
Tori rolls,en
California Makimono,en
Ebi Maki,en
California Ebi,en
52 piezas,es
"Rolls calientes, desde:",es
Ñoqui,es
Yakisoba,zu
Ensalada Mediterránea,es
Yakimeshi Caliente,es
Taco Cheese,en
Ensalada tomate/paka,es
Akita Roll,en
Tori Roll,en
Home Mixto,es
2 Menú para 1B,es
Pulpo,es
Ceviche Roll,es
Tori Roll,en
Bulgogui do bap,en
Promoción Small,gl
Especial,es
César,es
Tako Roll,sl
Cheescake Salsa Frutilla,es
Kirin Ichiban,vi
Avocado Roll,en
4 personas,es
Kani Maki,tl
"Relleno: Pulpo, queso crema y cebollin (c7)",es
California Unagi,jw
Kani roll ,en
52 Antito Roll,en
Nigiri Plata Hass  ,jw
Cortado,es
Salmon Salad,en
51 Florida Roll,en
Minicalzone Jamón,es
sakemaki (8 piezas),es
Rodeo,en
Avocado maki,en
Ebi Roll,en
Furai kioto,es
California Ebi,en
18 Avocado Vegetariano,pt
Nigiri Salmón    ,jw
Susana Roll,gl
Furai Roll,en
Niu VII (3 a 4 Personas),es
Wasabi,en
½ Pollo Apanado Frito,es
Delicia Roll,pt
Promoción válida sólo Domingo: 3 pizzas medianas hasta 3 ingredientes ,es
Pollo Tsurai,es
California Vegetarian,en
Bliz Blap,sl
57. More,en
Take III,en
Memo Rolls,en
Ceviche Caliente,es
Tiraditos,uz
Green Tea,en
California Capresse,en
Chilena,es
Ceviche de salmón,es
Huancaína Roll     ,en
yuca frita,es
A la Crème,fr
Gyosas de camarón,es
Ebi Tempura,en
Kani Cheese Roll ,en
A la Crème,fr
Sake Maki,en
Gohan Aki,hu
Alpino,it
Hosomaki Ebi,en
Bagel Roll,en
Tartar Niu,en
Menú 92 Piezas,es
Rodeo,en
Bebidas en lata de 350 cc,es
Pepperoni Especial,gl
Nigiri Unagi,jw
Mediana,es
Myrai sushi,en
Nico Roll,en
Liviana,es
Teriyaki,en
25. California Speed ,en
California Edo Roll,en
Light Roll,en
California Edo,eu
Green Roll,en
Sakana Tataki,mi
4 Quesos,es
Mini roller BBQ Choricillo,en
Tempura Chere,fr
Mini roller BBQ Tocino,es
Shawarma Burger,da
Mediana,es
Tamago,vi
California Ebi,en
Ebi Roll,en
Gyozas,hu
Delicada,es
Focaccia a la piedra,es
Salsa Spicy,en
Menú Vegetariano 4,es
Nigiri Avocado,jw
Promoción válida sólo Domingo: 3 pizzas medianas hasta 3 ingredientes ,es
Yakitori,vi
Pollo Yakitori,vi
California Ebi Cheese,en
Temaki Sake,pt
Razz 42,pl
046 Arma tu special roll,en
Pollo,es
29. Sakebi cheese,en
Veggie Spring,en
"Mi-Sushi Acompañado ""B""  Opción 2 (2 personas - 40 Piezas) Incluye 2 pares de palitos, 2 salsas de Soya, Wasabi y Jengibre ",es
103.Chicken katsu,et
Unagui Roll,en
California maki,en
"62 Espárragos, palta y queso crema",es
Alitas de pollo,es
